created_at;id_str;full_text;quote_count;reply_count;retweet_count;favorite_count;lang;user_id_str;conversation_id_str;username;tweet_url
Wed Aug 30 13:40:48 +0000 2023;1696880651683725368;"Beralih ke Cirebon, Kabupaten di timur laut jawa barat ini miliki anggaran berantas kemiskinan 115M, nmn sebanyak 4M dianggarkan utk perjalann dinas dari 115M tersebut, bayangkan ada berapa individu yang tak dapat bansos, padahal kab cirebon termasuk 5 Daerah Termiskin di Jabar https://t.co/VDIyGfmi5E";0;1;0;0;in;1611579466920374277;1696880614652158350;MasUchiha_;https://twitter.com/MasUchiha_/status/1696880651683725368
Wed Aug 30 12:48:31 +0000 2023;1696867492428431599;"Banyak keberhasilan Cak @achmadfauzi_wy dalam memimpin Sumenep salah satunya menurunkan angka kemiskinan, penurunan angka kemiskinan tertinggi di Jawa Timur Juga mampu mewujudkan pengangguran terendah di Jawa Timur https://t.co/CIN3qYG7SO";0;0;0;2;in;546956094;1696867463265435911;hrmnt__;https://twitter.com/hrmnt__/status/1696867492428431599
Fri Aug 25 07:30:10 +0000 2023;1694975441331945580;"Di Jawa Timur, angka pernikahan anak masih tinggi dan justru meningkat selama pandemi.   Impian terkubur, kemiskinan menyubur: Korban putus sekolah dan perkawinan anak di Jawa Timur https://t.co/C4Zy8YDAYt";15;7;200;509;in;1369663239718465538;1694975441331945580;projectm_org;https://twitter.com/projectm_org/status/1694975441331945580
Thu Aug 24 08:30:00 +0000 2023;1694628109968986329;"1.762 pasangan suami istri di Bojonegoro, Jawa Timur, mengajukan cerai di Pengadilan Agama. Tingginya tingkat perceraian disebabkan faktor kemiskinan dan pendidikan yang rendah. BIB  #iNews #News #Berita #SuamiIstri #Perceraian #Kemiskinan #PendidikanRendah #Bojonegoro https://t.co/qzD9wkk2yO";0;0;0;0;in;132078023;1694628109968986329;officialinews_;https://twitter.com/officialinews_/status/1694628109968986329
Wed Aug 23 09:48:00 +0000 2023;1694285350129266804;"Di Tangan Khofifah Indar Parawansa Angka Kemiskinan di Jawa Timur Menurun  https://t.co/R3N88Z7j66";0;0;0;3;in;2392460208;1694285350129266804;jawapos;https://twitter.com/jawapos/status/1694285350129266804
Sat Aug 19 03:15:14 +0000 2023;1692736955040268332;"Jawa Tengah bukan lagi PROVINSI TERMISKIN di Jawa  Jateng bahkan lebih baik dari Jawa Barat dan Jawa Timur. Ganjar Pranowo PAHAM persoalan dan solusi yang tepat karena tiap hari selalu BLUSUKAN  Angka kemiskinan TURUN 1 juta, sementara di Jakarta NAIK 102 ribu  #HariJadiJateng https://t.co/MmZranjDGo";38;631;209;1005;in;1102461866129776640;1692736955040268332;Miduk17;https://twitter.com/Miduk17/status/1692736955040268332
Fri Aug 18 03:31:29 +0000 2023;1692378659250966955;"Mari tunaikan sedekah untuk mendukung BAZNAS Provinsi Jawa Timur dalam menunjang berbagai program pengentasan kemiskinan.  #baznas #baznasjatim #sedekah #sedekahjariyah #sedekahjumat #jumatberkah #amaljariyah https://t.co/MFSoc1Pi7e";0;0;0;2;in;1687028240442163200;1692378659250966955;baznas_jatim;https://twitter.com/baznas_jatim/status/1692378659250966955
Thu Aug 17 01:00:51 +0000 2023;1691978361168638140;"Buzzer Ganjen yang sudah tidak relevan Memutar kaset lama untuk rakyat Rakyat Jawa Tengah sudah merasakan jalan rusak, akses kesehatan minim, dan kemiskinan yang mencekik https://t.co/gbFkLs7Hbj";0;0;0;0;in;1256551315070693377;1691978361168638140;txt_injustice;https://twitter.com/txt_injustice/status/1691978361168638140
Thu Aug 17 00:48:55 +0000 2023;1691975357552001463;"@StefanAntonio__ @Miduk17 @Aryprasetyo85 @03__nakula @ch_chotimah2 @DrPullmanrogers @FirzaHusainID @ganjarpranowo @GunRomli @seruanhl @Yuliadi_Mr Kasian ebong lagi menghibur diri. Padahal dari tahun Ketahun kemiskinan dijawa tengah tidak ada penurunan dan presentase kemiskinan dijawa tengah paling tinggi dibanding Jawa Barat dan Jawa timur.";0;0;0;0;in;1574350908;1691240801169461248;DanishDedy;https://twitter.com/DanishDedy/status/1691975357552001463
Wed Aug 16 13:00:09 +0000 2023;1691796990294966712;"Problematika di daerah Madura dr dulu hingga sekarang tak sedikit pun ada yg melek. Hal itu pun tercatat di Sampang bhw sekitar 217.970 penduduk berada dlm zona kemiskinan yg parah. Hal hasil menaikkan Sampang kedalam Kabupaten termiskin di Jawa timur. https://t.co/P19R6rkV5u";0;1;1;2;in;1632328794228011009;1691796983030448638;bung_madin;https://twitter.com/bung_madin/status/1691796990294966712
Wed Aug 16 12:45:24 +0000 2023;1691793277895475336;"Problematika di daerah Madura dr dulu hingga sekarang tak sedikit pun ada yg melek. Hal itu pun tercatat di Sampang bhw sekitar 217.970 penduduk berada dlm zona kemiskinan yg parah. Hal hasil menaikkan Sampang kedalam Kabupaten termiskin di Jawa timur. https://t.co/PBDQ0V5oXj";0;1;0;0;in;1632328794228011009;1691793270249238565;bung_madin;https://twitter.com/bung_madin/status/1691793277895475336
Wed Aug 16 06:23:56 +0000 2023;1691697281375035855;"Arahan Prabowo Subianto, Gerindra Komitmen Entaskan Kemiskinan di Jawa Timur  #Jokowinomics https://t.co/ohwdlzjE0d";0;1;0;0;in;3671916373;1691697240157647306;AndriK14567;https://twitter.com/AndriK14567/status/1691697281375035855
Tue Aug 15 06:16:13 +0000 2023;1691332949785120769;"Per 2023 data dari berbagai media yg menjadikan BPS sebagai rujukan sumber data, angka kemiskinan masing-masing provinsi antara lain  Jawa Barat sebanyak 7,26% Jawa Timur sebanyak 10,35% Jawa Tengah sebanyak 10,77% https://t.co/WXQJLo1Df2";0;1;0;0;in;1336862676983562240;1691332903857426432;GaTypoLagi;https://twitter.com/GaTypoLagi/status/1691332949785120769
Sat Aug 12 09:09:47 +0000 2023;1690289466739695617;"Wakil Gubernur Jawa Timur Emil Dardak mengajak para pemuda untuk bertukar pikiran untuk mengatasi kemiskinan #ekonomi #tokohmuda #emildardak #wagubjatim #jawatimur #berita #news #trending  #DKIJakarta #emildardak4jakarta #jakarta #emildardakuntukdki #emildardakpulangjakarta https://t.co/gfhkGDyneV";0;0;0;1;in;1437856483501240322;1690289466739695617;Andra_cukup;https://twitter.com/Andra_cukup/status/1690289466739695617
Tue Aug 08 05:40:02 +0000 2023;1688787128631828480;"Sebanyak 10.228 unit rumah di Kabupaten Ngawi Jawa Timur dikategorikan tak layak huni (RTLH). Salah satu faktor banyaknya rumah tak layak huni itu disebabkan karena tingginya angka kemiskinan.  #ngawi #hunian #rumah #taklayakhuni #peristiwangawi https://t.co/Wf8oQcoS5V";0;0;0;1;in;1359364190419341314;1688787128631828480;CelahId;https://twitter.com/CelahId/status/1688787128631828480
Sat Aug 05 19:32:48 +0000 2023;1687909536617889792;"Koperasi menjadi harapan tekan kantong kemiskinan di Jawa Timur ‚ÄúEmil Dardak‚Äù  #wagubjatim #emildardak #pemprovjatim #koperasi #alternative #kurangi #kemiskinanekstrem #JawaTimur https://t.co/jPsAaQ1J82";0;0;0;0;in;1336919609589571585;1687909536617889792;sabdaxkalam;https://twitter.com/sabdaxkalam/status/1687909536617889792
Sat Aug 05 09:36:07 +0000 2023;1687759376831143936;"@Melihat_Indo 5. Kinerja Menurut saya tidak bisa dibandingkan, karena memang tidak dalam status jabatan yg sama. Tapi kalau Jawa tengah dibandingkan dg Jawa timur dan Jawa barat saya kira PR Ganjar masih banyak. Mulai dari kemiskinan, kondisi jalan tingkat gizi dll.";0;1;0;1;in;3074469835;1687378007504441344;2020PanenJagung;https://twitter.com/2020PanenJagung/status/1687759376831143936
Fri Aug 04 04:37:49 +0000 2023;1687321921912983552;"Mari bersedekah untuk mendukung BAZNAS Provinsi Jawa Timur dalam menunjang berbagai program pengentasan kemiskinan.  Tunaikan sedekah melalui transfer ke rekening yang tertera  ‚ñ∂Ô∏èLayanan Muzakki &amp  Munfiq https://t.co/HisXmWCRo3  #sedekah #sedekahjumat #jumatberkah https://t.co/TngsEGuEie";0;0;0;1;in;1687028240442163200;1687321921912983552;baznas_jatim;https://twitter.com/baznas_jatim/status/1687321921912983552
Thu Aug 03 09:31:55 +0000 2023;1687033546886770688;"Emil Dardak : Koperasi jadi harapan tekan kantong kemiskinan di Jawa Timur.  #sigara #BBNaijaS8XGuinness #BBNaija #earthquake #AEWDynamite #AEWDynamite #TreasureReboot #BoycottCostaCoffee https://t.co/AFKxacoG83";0;0;0;0;in;1437431744035123202;1687033546886770688;_jejakkita;https://twitter.com/_jejakkita/status/1687033546886770688
Tue Aug 01 13:31:59 +0000 2023;1686369183905525760;"Emil Dardak : Koperasi jadi harapan tekan kantong kemiskinan di Jawa Timur  #EmilDardak #WagubJatim #ArumiBachsin #WagubEmil #InfoJatim #JawaTimur #Jatim #BeritaJatim #KabarJatim #DKIJakarta #Jakarta https://t.co/xQYDHHvbE1";0;0;0;0;in;1437273840283885570;1686369183905525760;griyabacaku;https://twitter.com/griyabacaku/status/1686369183905525760
Tue Aug 01 13:01:34 +0000 2023;1686361528457699328;"Fraksi Gerindra DPRD Jatim Komitmen Bantu Gubernur Khofifah Entaskan Kemiskinan di Jawa Timur - https://t.co/Y9gxdddR9L #Prabowo #PrabowoUnggul https://t.co/oDnsu5dwjr";0;0;0;0;in;1110932693426954240;1686361528457699328;fathw25;https://twitter.com/fathw25/status/1686361528457699328
Fri Jul 28 08:48:33 +0000 2023;1684848306701365248;"Workshop Sosial Anggota DPRD Jatim Bahas Kemiskinan Global. üëá  Workshop sosial yang digelar oleh Anggota Dewan Perwakilan Rakyat Daerah (DPRD) Jawa Timur dari Fraksi PDIP, H.Gunawan, membahas masalah‚Ä¶ #PolitikPemerintahan #globalisasi via @beritajatimcom https://t.co/DZBLYRbOT7";0;0;0;0;in;21287066;1684848306701365248;beritajatimcom;https://twitter.com/beritajatimcom/status/1684848306701365248
Fri Jul 28 03:32:16 +0000 2023;1684768708164780033;"Kali ini pak Muhadjir Effendy turun ke Malang, Jawa Timur melihat masih adanya kemiskinan esktrim, bravo pak @muhadjir_ef ü´∂üèº https://t.co/Ad2R69F4It";0;0;1;1;in;1675763287009669121;1684768708164780033;conggkak;https://twitter.com/conggkak/status/1684768708164780033
Thu Jul 27 10:07:35 +0000 2023;1684505804832231424;"Emil Dardak: Koperasi Jadi Harapan Tekan Kantong Kemiskinan di Jatim. üëá  Wakil Gubernur Emil Dardak mengatakan, koperasi menjadi harapan untuk menekan angka kemiskinan di Jawa Timur. Saat ini‚Ä¶ #Ekbis #angkakemiskinanjatim #Jember via @beritajatimcom https://t.co/wbna6xxOkn";0;0;0;0;in;21287066;1684505804832231424;beritajatimcom;https://twitter.com/beritajatimcom/status/1684505804832231424
Thu Jul 27 09:52:22 +0000 2023;1684501977554997248;"Pemerintah Provinsi Jawa Timur berhasil menurunkan angka kemiskinan terbanyak di Indonesia. https://t.co/P3zWLRHWCg";0;0;0;1;in;154102750;1684501977554997248;Beritasatu;https://twitter.com/Beritasatu/status/1684501977554997248
Wed Jul 26 13:49:20 +0000 2023;1684199225565802496;"sebenarnya Jawa Barat dan Jawa Timur lebih tinggi dengan empat jutaan penduduk miskin, sedangkan Jateng 3,9 juta.  #ganjar #ganjar_pranowo #ganjarpresiden2024 #sahabatganjar #relawanganjar #2024menangtotal #jawa #jawatengah #HOAX #kemiskinan  @__LOVE_AG4EVER  @AirinDatangLagi";0;0;0;2;in;1244292531090624512;1684199218469036035;YudhaShanny2;https://twitter.com/YudhaShanny2/status/1684199225565802496
Wed Jul 26 08:39:41 +0000 2023;1684121296207253504;"Gubernur Jawa Timur Khofifah Indar Parawansa mengeklaim angka kemiskinan di wilayahnya menurun sejak dua tahun terakhir. Faktanya, angka kemiskinan di Jatim tertinggi secara nasional, yakni 4,19 juta jiwa per Maret 2023.  #JawaTimur #Kemiskinan    https://t.co/SFnQn09aCX";0;0;0;0;in;902837643024539651;1684121296207253504;medcom_id;https://twitter.com/medcom_id/status/1684121296207253504
Wed Jul 26 00:17:03 +0000 2023;1683994803971973120;"Data Badan Pusat Statistik (BPS) Jawa Timur, jika pada tahun 2021 angka kemiskinan di Sumenep mencapai 20,51 persen, memasuki tahun 2022 menyisakan 18,76 persen. Angka kemiskinan di bawah 20 persen merupakan hal baru di Sumenep.";0;1;2;18;in;1404235423442903048;1683994800666873856;Galizio_;https://twitter.com/Galizio_/status/1683994803971973120
Tue Jul 25 03:47:05 +0000 2023;1683685276009508865;"Emil Dardak: Koperasi Petani di Jatim Bantu Atasi Kemiskinan. üëá  Wakil Gubernur Jawa Timur, Emil Elestianto Dardak, mengemukakan strategi inovatif untuk mengatasi kemiskinan ekstrem di‚Ä¶ #PolitikPemerintahan #Blitar #Jatim #Surabaya via @beritajatimcom https://t.co/thafkLvdbJ";0;0;0;0;in;21287066;1683685276009508865;beritajatimcom;https://twitter.com/beritajatimcom/status/1683685276009508865
Tue Jul 25 01:30:00 +0000 2023;1683650776789291011;"Pemerintah Provinsi Jawa Timur mengklaim telah berhasil menurunkan angka kemiskinan dalma waktu 2 tahun terakhir (Maret 2021 - Maret 2023). https://t.co/WrJRcSvoyM";0;0;0;0;in;333877701;1683650776789291011;BisniscomJatim;https://twitter.com/BisniscomJatim/status/1683650776789291011
Tue Jul 25 00:32:34 +0000 2023;1683636321137590273;"Jawa Timur Berhasil Turunkan Kemiskinan dengan Capaian Tertinggi di Indonesia #NASIONAL #AngkaKemiskinan #JawaTimur #Kemiskinan  https://t.co/l6lWpqgzAm https://t.co/eY94Kv47o3";0;1;0;0;in;1139396104347250688;1683636321137590273;Beritabaruco;https://twitter.com/Beritabaruco/status/1683636321137590273
Mon Jul 24 09:38:38 +0000 2023;1683411358728220678;"Provinsi Jawa Timur Turunkan Angka Kemiskinan Terbanyak di Indonesia. üëá  Provinsi Jawa Timur turunkan angka kemiskinan terbanyak di Indonesia. Hal itu disampaikan oleh Gubernur Jawa Timur‚Ä¶ #Ragam #jawabarat #jawatengah #JawaTimur via @beritajatimcom https://t.co/QaaeTUrLud";0;0;0;0;in;21287066;1683411358728220678;beritajatimcom;https://twitter.com/beritajatimcom/status/1683411358728220678
Sat Jul 22 09:52:27 +0000 2023;1682690059164864514;"2. Cak Fauzi berhasil menurunkan kemiskinan, penurunan angka kemiskinan tertinggi di Jawa Timur 3. Mampu mewujudkan pengangguran  terendah di Jawa Timur  4. Mampu membawa gini rasio (ketimpangan) terendah di Jawa Timur https://t.co/I0vBiHIooV";0;1;0;0;in;546956094;1682690042844815360;hrmnt__;https://twitter.com/hrmnt__/status/1682690059164864514
Tue Jul 18 02:51:36 +0000 2023;1681134595700408320;"Madiun, https://t.co/wKgHpxyppM ‚Äì Gubernur Jawa Timur, Khofifah Indar Parawansa, mengajak seluruh Bupati/Walikota dan stakeholder terkait terus tingkatkan sinergi untuk menurunkan kemiskinan ekstrim serta menurunkan¬† stunting lebih signifikan.  https://t.co/T4wIe4EnU5 https://t.co/GYEqaY2ffx";0;0;0;0;in;917728330094280711;1681134595700408320;haloindonesia88;https://twitter.com/haloindonesia88/status/1681134595700408320
Sun Jul 16 13:36:01 +0000 2023;1680571991890223106;"@panjianom102 @Munir_Timur Salah satu sumber kemiskinan di DKI itu banyaknya migrasi dari daerah2. Salah satu daerah penyumbang migran terbesar itu Jawa tengah. Bisa diliat dari Tiap lebaran Pemprov Jateng siapin ratusan bis juga Carter ratusan gerbong KA utk warganya yg mudik ke Jateng.";0;0;0;0;in;1092424011244494849;1680130489578049537;gie_nakayah8;https://twitter.com/gie_nakayah8/status/1680571991890223106
Sun Jul 16 01:03:36 +0000 2023;1680382641693147137;"@AnakLolina2 @Munir_Timur Pembangun saja terfokus ke jawa sentris sejak adanya republik ini, kemiskinan tdk pernah lepas dr permasalahan kota,nanti di era pak Jokowi,baru ada Perubahan pembangunan diluar pulau jawa,kadrun mau Perubahan?5th pimpin Dki,bukannya berubah, penduduk miskin makin meninkatüòÅüòÅüòÅ";0;0;1;0;in;1480521016136724481;1680177812718911490;SichfriedM;https://twitter.com/SichfriedM/status/1680382641693147137
Sat Jul 15 15:39:23 +0000 2023;1680240651693326337;"@panjianom102 @Munir_Timur Kenaikan kemiskinan karena tambahan urban penduduk dari daerah lain seperti Jawa Tengah yg warganya datang ke Jakarta untuk merubah nasib yg lebih baik. Apalagi dampak covid. Buktinya pada saat lebaran bus gratis mudik masih diminati dari orang jawa tengah";0;0;0;4;in;1446317472999641088;1680130489578049537;ajiaji62896850;https://twitter.com/ajiaji62896850/status/1680240651693326337
Sat Jul 15 07:58:31 +0000 2023;1680124672766246912;"Cak Fauzi adalah Pemimpin Muda Inovatif dan Kreatif yang berhasil menurunkan kemiskinan, penurunan angka kemiskinan tertinggi di Jawa Timur, Mampu mewujudkan penganguran terendah di Jawa Timur. Cak Fauzi juga Mampu membawa gini rasio (ketimpangan) terendah di Jawa Timur https://t.co/bO3tnlDRYc";0;0;3;8;in;546956094;1680124665073922048;hrmnt__;https://twitter.com/hrmnt__/status/1680124672766246912
Fri Jul 14 11:00:34 +0000 2023;1679808096280125440;"seperti di daerah Jawa yang memiliki angka kemiskinan yang tinggi secara faktual, dan secara presentase angka kemiskinan ekstrem tinggi di wilayah timur seperti NTT, dan Papua.  Kemudian, untuk penyusunan regulasi penggunaan anggaran maupun program intervensi, (cont)";0;1;0;1;in;2461082029;1679808017553031169;kemenkopmk;https://twitter.com/kemenkopmk/status/1679808096280125440
Wed Jul 12 08:49:05 +0000 2023;1679050234339680257;"JAWA TIMUR!!! Mbuh opo sing ning pikirane Khofifah, kok luput terus. Kemiskinan dan nikah dini berkelindan, ditambah konsumerisma, makin mangtabs.";0;0;0;0;in;61102458;1679050234339680257;samtantular;https://twitter.com/samtantular/status/1679050234339680257
Wed Jul 12 05:00:31 +0000 2023;1678992711817347072;"Angka perceraian terus menunjukkan angka fantastis di Bojonegoro, Jawa Timur. dalam waktu 6 bulan, istri yang menggugat cerai suami ke Pengadilan Agama Kabupaten Bojonegoro sudah mencapai 1.500 orang. Rata- rata disebabkan pendidikan rendah dan kemiskinan. https://t.co/TAXuXp0GvT https://t.co/HhjanspZ6x";0;0;0;2;in;41730943;1678992711817347072;VIVAcoid;https://twitter.com/VIVAcoid/status/1678992711817347072
Tue Jul 11 08:50:15 +0000 2023;1678688137223233537;"Coba kita periksa data. @bps_statistics Jawa Timur menjabarkan angka kemiskinan. Hasilnya, di Kabupaten Sumenep pada 2022 hanya menyisakan 18,76 PERSEN,. Jumlah ini terbilang jauh menurun dibandingkan tahun 2021 yang mencapai 20,51 persen. #CakFauzi";0;1;0;0;in;1599689872452698112;1678688134350139393;cakfauzijatim;https://twitter.com/cakfauzijatim/status/1678688137223233537
Tue Jul 11 06:36:19 +0000 2023;1678654434279301120;"Walau masuk radar tetapi Bupati Kampung yg berhasil mengikis kemiskinan di Sumenep ini tetap fokus bekerja dan belom merespons dukungan serta survei2   Beliau kader mumpuni di Jawa Timur, Jatim butuh pemimpin sprti beliau  Semoga Bu Mega memberi rekomen. Aamiin https://t.co/ZAABRKstzH";0;0;5;11;in;91185042;1678654421088231424;siticeriaselalu;https://twitter.com/siticeriaselalu/status/1678654434279301120
Sat Jul 08 04:59:28 +0000 2023;1677542896348831744;"Well Said bung @yunartowijaya   Betul bahwa angka kemiskinan di Jawa Tengah masih tinggi, tapi jangan SALAH  AKSELERASI penurunan kemiskinan sejak 2013, Jawa Tengah JAUH lebih CEPAT dibanding Jawa Barat dan Jawa Timur  #GanjarUntukSemua #LanjutkanBersamaGanjar https://t.co/BEVzcG0SJw";5;101;112;345;in;1102461866129776640;1677542896348831744;Miduk17;https://twitter.com/Miduk17/status/1677542896348831744
Fri Jul 07 03:27:01 +0000 2023;1677157241072369666;"Banyuwangi, https://t.co/L1aPjGFPC2 - ¬†Masyarakat dengan kemiskinan ekstrim dan wanita rawan sosial ekonomi (WRSE) di Banyuwangi mendapatkan perhatian khusus. Mereka diperjuangkan mendapatkan bantuan kewirausahaan dari Dinas Sosial Provinsi Jawa Timur.  https://t.co/KVfg4c2TmP";0;0;0;0;in;517179228;1677157241072369666;kabarbanyuwangi;https://twitter.com/kabarbanyuwangi/status/1677157241072369666
Thu Jul 06 10:07:41 +0000 2023;1676895687253049344;"Cak Fauzi berhasil menurunkan kemiskinan, penurunan angka kemiskinan tertinggi di Jawa Timur juga mampu mewujudkan pengangguran  terendah di Jawa Timur https://t.co/nRo2a7Fj5P";0;1;4;7;in;546956094;1676895668923949058;hrmnt__;https://twitter.com/hrmnt__/status/1676895687253049344
Thu Jul 06 03:35:30 +0000 2023;1676796992201330688;"... Pemkab Banyuwangi¬†melalui Dinas Sosial Pemberdayaan Perempuan dan Keluarga Berencana (Dinsos PPKB) sedang memperjuangkan bantuan kewirausahaan untuk masyarakat dengan kemiskinan ekstrim hingga Wanita Rawan Sosial Ekonomi (WRSE) dari Dinas Sosial Provinsi Jawa Timur.";0;1;0;1;in;1617796562868137984;1676796850660315138;TimesBWI;https://twitter.com/TimesBWI/status/1676796992201330688
Tue Jul 04 13:08:54 +0000 2023;1676216515451064320;"Dengan dilantiknya Kepala Dinas Sosial Jawa Timur, Restu Novi Widiani oleh Gubernur Jawa Timur, Khofifah Indar Parawansa, Pemerintah Provinsi Jatim selanjutnya akan memfokuskan kinerjanya dalam upaya menurunkan kemiskinan hingga upaya memperkuat kolaborasi.";0;1;0;0;in;771337601269714944;1676216512104009729;JatimPemprov;https://twitter.com/JatimPemprov/status/1676216515451064320
Mon Jul 03 10:40:35 +0000 2023;1675816801689804800;"Berikut sederet keberhasilan yang di torehkan cak Fauzi Pemimpin Muda Inovatif dan Kreatif.  Cak Fauzi berhasil menurunkan kemiskinan, penurunan angka kemiskinan tertinggi di Jawa Timur. https://t.co/fqOMaAVHNk";0;1;4;5;in;546956094;1675816787605323776;hrmnt__;https://twitter.com/hrmnt__/status/1675816801689804800
Sat Jul 01 07:28:38 +0000 2023;1675043722374037505;"Dukungan untuk Cak Fauzi untuk maju di pilkada Jawa Timur semakin masif  Masyarakat melihat sosok @achmadfauzi_mh layak untuk maju di pilkada Jatim, Sebagai tokoh muda Sumenep Cak Fauzi telah sukses memimpin Sumenep.  Selama kepemimpinan Cak Fauzi berhasil menurunkan kemiskinan,‚Ä¶ https://t.co/nQkiHSc50v";0;0;4;9;in;435004096;1675043722374037505;Aryprasetyo85;https://twitter.com/Aryprasetyo85/status/1675043722374037505
Sat Jul 01 02:46:19 +0000 2023;1674972674043564032;"Kepuasan Masyarakat Cukup Tinggi atas Kinerja Bupati Sumenep @achmadfauzi_wy   KERJA NYATA Cak Fauzi  1. Berhasil menurunkan kemiskinan, penurunan angka kemiskinan tertinggi di Jawa Timur 2.Mampu mewujudkan penganguran terendah di Jawa Timur  3.Mampu membawa gini rasio‚Ä¶ https://t.co/pnhKmapjLz";2;10;12;19;in;1374686160748830724;1674972674043564032;DS_yantie;https://twitter.com/DS_yantie/status/1674972674043564032
Fri Jun 30 03:01:45 +0000 2023;1674614170812301312;"Makhluk ini @Miduk17 kembali memanipulasi informasi terkait prestasi pak Ganjar. Khususnya terkait masalah kemiskinan di Jateng  ‚úÖJawa Tengah adalah salah satu provinsi dengan persentase kemiskinan yang masih double digit di daratan Jawa menurut sumber BPS.  ‚úÖSaat kemiskinan‚Ä¶ https://t.co/0r2Rsy6lWg";11;44;139;251;in;1244819229578121216;1674614170812301312;Munir_Timur;https://twitter.com/Munir_Timur/status/1674614170812301312
Thu Jun 29 10:57:17 +0000 2023;1674371452127313920;"@Wahyudi87677017 @setyosby @Miduk17 @basuki_btp Ganjar lebih parah mas di jawa tengah...jalanan remuk semua....banjir dimana2...kemiskinan tinggi...semarang yg ibukota aja parah jalanan gak ada yg mulus..bisanya tambal sulam...kali banjir kanal timur malah hampir ilang jadi daratan gara2 sedimentasi parah...";0;0;1;2;in;632037217;1674245346300690432;cha_raf;https://twitter.com/cha_raf/status/1674371452127313920
Wed Jun 28 12:02:28 +0000 2023;1674025469866553345;"Cak Fauzi merupakan pemimpin muda yang punya banyak ide dan inovasi dalam memajukan daerah. Bukan hanya Sumenep, Cak Fauzi juga terus memikirkan kesejahteraan Madura. Selain itu Cak Fauzi berhasil menurunkan kemiskinan, penurunan angka kemiskinan tertinggi di Jawa Timur. https://t.co/nVORHtzBXS";0;1;4;11;in;546956094;1674025452837675008;hrmnt__;https://twitter.com/hrmnt__/status/1674025469866553345
Wed Jun 28 06:59:51 +0000 2023;1673949311980417026;"@ch_chotimah2 @Munir_Timur @ganjarpranowo Muke lu dimaneeeeee... Jawa Tengah dilanda kemiskinan, Pukuk langka, harge sembako naek, dihantam banjir, skarang dihantam kekeringan sulit Aer bersih, malah sok urusen DKI Jakarta...   Otak Mane otak... Dikira masyarakat luar Jawa Tengah seneng Ama klakuan lu...";0;0;0;0;in;1448562199727788032;1672487235688730624;Rafliyandinata;https://twitter.com/Rafliyandinata/status/1673949311980417026
Wed Jun 28 02:48:32 +0000 2023;1673886068993818627;"Gubernur Jatim Khofifah Targetkan Zero Kemiskinan Ekstrem Tuntas Tahun Ini. üëá  Gubernur Jawa Timur Khofifah Indar Parawansa menargetkan nol atau zero kemiskinan ekstrem di wilayahnya pada akhir‚Ä¶ #PolitikPemerintahan #Jatim #JawaTimur via @beritajatimcom https://t.co/DvDQPcO3Bt";0;0;0;0;in;21287066;1673886068993818627;beritajatimcom;https://twitter.com/beritajatimcom/status/1673886068993818627
Wed Jun 28 02:22:13 +0000 2023;1673879444178747392;"Gubernur Jawa Timur Optimis Bisa Capai Zero Kemiskinan Ekstrem di Akhir 2023 https://t.co/OLOFu5GS9q";0;0;0;0;in;535213390;1673879444178747392;tugumalang_id;https://twitter.com/tugumalang_id/status/1673879444178747392
Tue Jun 27 23:36:14 +0000 2023;1673837671859515392;"Wakil Bupati Malang Drs. H. Didik Gatot Subroto, S.H, M.H, mendampingi Kunjungan Kerja Gubernur Jawa Timur Dra. Hj. Khofifah Indar Parawansa, M.Sos dalam rangka Penyaluran Bansos Kemiskinan Ekstrem dan PKH Plus. Bertempat di Kantor Kecamatan Gondanglegi pada Selasa (27/6) siang. https://t.co/q4geiOF6eK";0;0;1;1;in;731081015314157568;1673837671859515392;humaskabmalang;https://twitter.com/humaskabmalang/status/1673837671859515392
Tue Jun 27 02:20:09 +0000 2023;1673516537351921664;"Cak Fauzi ini berhasil menurunkan kemiskinan, penurunan angka kemiskinan tertinggi di Jawa Timur  Juga Mampu mewujudkan penganguran terendah di Jawa Timur   Kemudian Mampu membawa gini rasio (ketimpangan) terendah di Jawa Timur https://t.co/VSkMzIZHyL";0;2;3;11;in;91185042;1673516225488654336;siticeriaselalu;https://twitter.com/siticeriaselalu/status/1673516537351921664
Mon Jun 26 14:20:21 +0000 2023;1673335394207772672;"parah di wilayah Jawa Tengah dan Jawa Timur dapat membangkitkan kembali komunisme kecuali bila sesuatu dapat dilakukan untuk mengurangi kemiskinan. Oleh karena itu Jenderal Soeharto menggarisbawahi skema untuk menekan populasi penduduk dan meningkatkan pendapatan dari ekspor";0;1;1;2;in;1876832857;1673335390520979459;ArahJuang;https://twitter.com/ArahJuang/status/1673335394207772672
Mon Jun 26 09:03:37 +0000 2023;1673255685600190464;"Banyak keberhasilan yang Cak Fauzi torehkan seperti berhasil menurunkan kemiskinan, penurunan angka kemiskinan tertinggi di Jawa Timur, Cak Fauzi juga mampu mewujudkan pengangguran terendah di Jawa Timur  Dukung Cak Fauzi untuk Jatim 1. https://t.co/O6lIFtfzpx";0;1;4;10;in;546956094;1673255654923063296;hrmnt__;https://twitter.com/hrmnt__/status/1673255685600190464
Sun Jun 25 22:27:27 +0000 2023;1673095589884743682;"@Jazz_turboK24 @M14Fatih @ch_chotimah2 @Munir_Timur @ganjarpranowo Eh peak ..coba lihat grafik kemiskinan di tiga propinsi di pulau jawa ..propinsi mana tingkat kemiskinannya yv menurun ..";0;1;0;0;in;1389985197400068098;1672487235688730624;MrSimpl92795338;https://twitter.com/MrSimpl92795338/status/1673095589884743682
Sun Jun 25 14:37:40 +0000 2023;1672977365105020929;"@ch_chotimah2 @Munir_Timur @ganjarpranowo Kalau di Jakarta yg miskin itu para pendatang dari daerah Jawa tengah pada umumnya kalau di Jawa tengah itu memang penduduk asli yg hidup di bawah garis kemiskinan";0;1;0;1;in;1649829159143895046;1672487235688730624;TksMus46494;https://twitter.com/TksMus46494/status/1672977365105020929
Sun Jun 25 07:29:18 +0000 2023;1672869561262309376;"@itsme_dul @TsamaraDKI Based on data, paling tinggi tingkat kemiskinan itu ada di Jawa Timur, lalu Jawa Barat, baru Jawa Tengah üòå  Makanya kalo mo komen jangan emosi, lu baca baik¬≤ tweet gue cuk. Lu buta ya terhadap berbagai macam upaya yg udah &amp  sedang dilakukan oleh Pemprov Jateng? Atau lu kudet? https://t.co/LThaGIlZT6";0;1;0;0;in;1157723622284263424;1672796434343804929;Twillight_Loid;https://twitter.com/Twillight_Loid/status/1672869561262309376
Sun Jun 25 07:01:33 +0000 2023;1672862577796468736;"Mas @ch_chotimah2 cth buzzer defisit kognitif. Ini data Indeks Kedalaman &amp  Keparahan kemiskinan di Jateng, lebih tinggi dari seluruh provinsi di daratan Jawa. Ga bisa bedain, pdhl sdh ada penjelasan (No 2). Ganjar fokus aja urus kemiskinan Jateng, jgn sok¬≤ menerabas urusan Jkt https://t.co/LUNOP6EpVn";5;37;77;196;in;1244819229578121216;1672862577796468736;Munir_Timur;https://twitter.com/Munir_Timur/status/1672862577796468736
Sat Jun 24 06:31:24 +0000 2023;1672492600778190850;"3‚É£Mas @ch_chotimah2, Indeks KEPARAHAN KEMISKINAN Jateng hingga Sept-2022 meskipun turun, tapi lebih tinggi dari seluruh provinsi di daratan Jawa. Apa artinya? https://t.co/PEJ1suJq8U";1;2;6;19;in;1244819229578121216;1672473097876934659;Munir_Timur;https://twitter.com/Munir_Timur/status/1672492600778190850
Sat Jun 24 05:13:54 +0000 2023;1672473097876934659;"1‚É£Mas @ch_chotimah2, sebaiknya pak Ganjar benar-benar fokus urus Jateng. Ini data BPS, hingga Sept-2022, meski terjadi penurunan, angka kedalaman kemiskinan Jateng lebih tinggi dari seluruh Provinsi yang di daratan Jawa. Apa artinya? https://t.co/bQBw2x5aD7";4;45;85;206;in;1244819229578121216;1672473097876934659;Munir_Timur;https://twitter.com/Munir_Timur/status/1672473097876934659
Fri Jun 23 12:57:23 +0000 2023;1672227352426983424;"Ini bukan Ridwan Kamil yang berada di Padalarang tapi soal Bupati Sumenep yang berhasil menurunkan kemiskinan, penurunan angka kemiskinan tertinggi di Jawa Timur, yang punya strategi khusus dalam menghadapi long weekend Idul Adha. https://t.co/bNBIKDUGgD";0;8;27;30;in;546956094;1672227352426983424;hrmnt__;https://twitter.com/hrmnt__/status/1672227352426983424
Thu Jun 22 12:01:53 +0000 2023;1671850995599683584;"2. Cak Fauzi berhasil menurunkan kemiskinan, penurunan angka kemiskinan tertinggi di Jawa Timur 3. Mampu mewujudkan pengangguran terendah di Jawa Timur  4. Mampu membawa gini rasio terendah di Jawa Timur 5. Mampu menaikkan IPM 6. Mampu menaikkan pertumbuhan ekonomi secara";0;0;2;10;in;546956094;1671850978772131845;hrmnt__;https://twitter.com/hrmnt__/status/1671850995599683584
Thu Jun 22 07:51:09 +0000 2023;1671787898260295682;"Dibawah kepemimpinannya  Cak Fauzi Sumenep mengalami : 1. Penurunan kemiskinan, penurunan angka kemiskinan ini tertinggi di Jawa Timur  2. Mampu mewujudkan penganguran terendah di Jawa Timur   3. Mampu membawa gini rasio (ketimpangan) terendah di Jawa Timur  4.Mampu menaikkan‚Ä¶ https://t.co/6vqiP9rq6B";4;14;16;27;in;1374686160748830724;1671787898260295682;DS_yantie;https://twitter.com/DS_yantie/status/1671787898260295682
Wed Jun 21 12:14:17 +0000 2023;1671491727717433345;"MoU bersama Unej itu dilakukan dalam sektor pertanian, pendidikan dan kesehatan. Tentunya ini adalah salah cara yang keren dari Bupati Sumenep @achmadfauzi_wy. Maka tak heran jika Cak Fauzi berhasil menurunkan kemiskinan, penurunan angka kemiskinan tertinggi di Jawa Timur";0;0;4;8;in;546956094;1671491724865335298;hrmnt__;https://twitter.com/hrmnt__/status/1671491727717433345
Wed Jun 21 06:48:21 +0000 2023;1671409702952128512;"Beruntung Sumenep dipimpin oleh pemimpin muda yg inovatif seperti pak @achmadfauzi_wy ini.   Saatnya kiprahnya diperluas untuk memimpin Jawa Timur. Dukungan masyarakat pun mengalir ke sosok yg mampu menurunkan angka kemiskinan di Sumenep ini.   Gaskeun üî•üî• https://t.co/uEXopjFCtX";1;0;4;15;in;84221579;1671409702952128512;narkosun;https://twitter.com/narkosun/status/1671409702952128512
Wed Jun 21 05:37:40 +0000 2023;1671391916515274753;"üé¨ Cak Fauzi Mampu mewujudkan penganguran terendah &amp  berhasil menurunkan kemiskinan, penurunan angka kemiskinan tertinggi di Jawa Timur https://t.co/hwTvxyITJz";0;2;4;16;in;1251824880967774208;1671388149891866624;Heraloebss;https://twitter.com/Heraloebss/status/1671391916515274753
Tue Jun 20 20:55:17 +0000 2023;1671260454616965120;"Program Eko-Tren OPOP Jawa Timur telah berhasil mengurangi angka pengangguran dan kemiskinan, serta meningkatkan kesejahteraan masyarakat di Provinsi Jawa Timur. @KhofifahIP @EmilDardak @kemkominfo @kempanrb https://t.co/N7c7VYPwGt";0;1;1;2;in;771337601269714944;1671260454616965120;JatimPemprov;https://twitter.com/JatimPemprov/status/1671260454616965120
Tue Jun 20 15:07:17 +0000 2023;1671172875695591425;"Tak butuh waktu lima tahun , Bupati Sumenep @achmadfauzi_wy berhasil menurunkan kemiskinan bahkan penurunan kemiskinan tertinggi di Jawa Timur.  Pengangguran terendah di Jawa Timur. Rasio (ketimpangan) sosial terendah di Jawa Timur. Bahkan mampu menaikkan Indeks Pembangunan‚Ä¶ https://t.co/k5UdLu8Zcp";1;9;20;36;in;972357839279673344;1671172875695591425;FaGtng;https://twitter.com/FaGtng/status/1671172875695591425
Tue Jun 20 10:50:27 +0000 2023;1671108244310458375;"Sebagai tokoh muda, @achmadfauzi_mh dinilai layak untuk naik kelas menjadi kepala daerah di provinsi.   Selama memimpin Sumenep Cak Fauzi berhasil menurunkan kemiskinan, penurunan angka kemiskinan tertinggi di Jawa Timur  Hal itu mendorong sejumlah kalangan mendeklarasikan untuk‚Ä¶ https://t.co/EfrXL2FPnH";0;9;10;26;in;435004096;1671108244310458375;Aryprasetyo85;https://twitter.com/Aryprasetyo85/status/1671108244310458375
Tue Jun 20 10:28:06 +0000 2023;1671102619895611392;"Salah satu keberhasilan Cak Fauzi adalah berhasil menurunkan kemiskinan, penurunan angka kemiskinan tertinggi di Jawa Timur https://t.co/ZMLLCGMxUT";0;1;2;9;in;546956094;1671102593890918401;hrmnt__;https://twitter.com/hrmnt__/status/1671102619895611392
Tue Jun 20 06:20:20 +0000 2023;1671040266978091010;"@GeiszChalifah Pendidikan adalah jembatan jurang kemiskinan. Semoga Allah memberikan kemudahan, rezeki dan keberkahan bagi bapak geiz, Jawa Timur kapan di 'ekspansi' pak?";0;0;0;0;in;2301246163;1670763766521405446;EdwardSevino;https://twitter.com/EdwardSevino/status/1671040266978091010
Tue Jun 20 05:40:55 +0000 2023;1671030346970984448;"Ide Kreatif Bupati kampung Cak Fauzi berhasil menurunkan kemiskinan, penurunan angka kemiskinan tertinggi di Jawa Timur  Sdh pantas dan layak memimpin jatim";0;0;0;0;in;1244946995082440704;1671030346970984448;AliviaNaylaw;https://twitter.com/AliviaNaylaw/status/1671030346970984448
Tue Jun 20 05:08:43 +0000 2023;1671022241579155456;"Masa depan Negeri ini Butuh Pemimpin Inovatif dan Kreatif  Bupati Sumenep memiliki banyak ide dan inovasi dalam memajukan daerah. Bukan hanya Sumenep, Cak Fauzi juga terus memikirkan kesejahteraan Madura, menurunkan angka kemiskinan tertinggi di Jawa Timur https://t.co/qctLVh5EZw";4;3;8;30;in;1251824880967774208;1671022241579155456;Heraloebss;https://twitter.com/Heraloebss/status/1671022241579155456
Tue Jun 20 01:58:33 +0000 2023;1670974387900788736;"Tidak hanya bagi Sumenep juga Kesejahteraan Madura.  2. Berhasil menurunkan kemiskinan, penurunan angka kemiskinan tertinggi di Jawa Timur 3.Mampu mewujudkan penganguran terendah di Jawa Timur  4. Membawa gini rasio (ketimpangan) terendah di Jawa Timur https://t.co/t0sdwv8Tyu";1;1;0;12;in;63371404;1670971895167205376;Mr_Khepo;https://twitter.com/Mr_Khepo/status/1670974387900788736
Tue Jun 20 01:36:37 +0000 2023;1670968868251258880;"* Karena Cak Fauzi berhasil menurunkan kemiskinan bahkan turun paling banyak di Jawa Timur  * Mampu mewujudkan penganguran terendah di Jawa Timur  *Mampu membawa gini rasio (ketimpangan) terendah di Jawa Timur * Mampu menaikkan Indeks Pembangunan Manusia (IPM) https://t.co/mp7CPCynAL";0;1;2;12;in;91185042;1670967053946339328;siticeriaselalu;https://twitter.com/siticeriaselalu/status/1670968868251258880
Mon Jun 19 12:57:33 +0000 2023;1670777842681135110;"1. Cak Fauzi Pemimpin Muda Inovatif dan kreatif 2. Cak Fauzi berhasil menurunkan angka kemiskinan, bahkan penurunan angka kemiskinan tertinggi di Jawa Timur 3. Mampu mewujudkan pengangguran terendah di Jawa Timur https://t.co/zkMSBfBifk";0;2;4;11;in;546956094;1670777828403724288;hrmnt__;https://twitter.com/hrmnt__/status/1670777842681135110
Mon Jun 19 12:12:26 +0000 2023;1670766488041701376;"@achmadfauzi_wy adalah  putera terbaik Madura yang layak dicalonkan sebagai Gubernur Jawa Timur,  Beliau sosok yang Selalu bekerja keras, terbukti Cak Fauzi berhasil menurunkan kemiskinan, bahkan penurunan angka kemiskinan tertinggi di Jawa Timur lho. https://t.co/JP562Tn8Fh";3;9;14;15;in;1374686160748830724;1670766488041701376;DS_yantie;https://twitter.com/DS_yantie/status/1670766488041701376
Mon Jun 19 11:51:59 +0000 2023;1670761342482157568;"Rekam jejak dan keberhasilan benar-benar Bupati yg berjuang demi masyarakatnya.  Cak Fauzi berhasil menurunkan kemiskinan bahkan penurunan angka kemiskinan tertinggi di Jawa Timur.   Beliau juga mampu mewujudkan pengangguran terendah di Jawa Timur.  Mampu dan berhasil membawa‚Ä¶ https://t.co/oEcEnWwLuV";2;10;23;47;in;972357839279673344;1670761342482157568;FaGtng;https://twitter.com/FaGtng/status/1670761342482157568
Fri Jun 16 08:54:28 +0000 2023;1669629503692484608;"BPS melansir jumlah penduduk miskin di setiap Kab. &amp  Kota di Jawa Timur. Hasilnya 3 wilayah teratas berasal pulau Madura (Sampang, Bangkalan, dan Sumenep). Sementara daerah kota memiliki rata-rata persentase kemiskinan 3,79% - 7,37%.  #grafisdataJTV https://t.co/WpSHFrEy2S";0;0;1;1;in;1379280810700800002;1669629503692484608;portaljtvcom;https://twitter.com/portaljtvcom/status/1669629503692484608
Wed Jun 14 12:33:11 +0000 2023;1668959769959477248;"Beberapa Wilayah di Banyuwangi Masuk dalam Kemiskinan Ekstrem  BANYUWANGI ‚Äì Dalam rangka menekan angka kemiskinan ekstrem di kabupaten paling ujung timur Pulau Jawa, Bupati Banyuwangi, Ipuk Fiestiandani Azwar Anas menggelontorkan sejumlah program di antaranya yaitu, program... https://t.co/rmM2ZD7I2O";0;1;0;1;in;1617796562868137984;1668959769959477248;TimesBWI;https://twitter.com/TimesBWI/status/1668959769959477248
Tue Jun 13 20:00:16 +0000 2023;1668709895976411136;"Ternyata, Jogja memang istimewa.. Berikut tingkat kemiskinan di Jawa berdasarkan provinsi:  DIY: 11,49 persen  Jawa Tengah: 10,98 persen  Jawa Timur: 10,49  Jawa Barat: 7,98  Banten: 6,24 persen  DKI Jakarta: 4,61 persen";0;0;0;0;in;765547305189515264;1668709895976411136;mylucky_owl;https://twitter.com/mylucky_owl/status/1668709895976411136
Mon Jun 12 06:19:17 +0000 2023;1668140899677908994;"Dari tahun 1996-2022, penurunan angka kemiskinan tertinggi Jawa Tengah terjadi di tahun 2002, di era Gubernur Murdiyanto, dari non partai (militer) dengan penurunan kemiskinan hingga 16,5% dari kemiskinan tahun 1999 sebesar 8,7 juta jiwa.  ***perubahan angka kemiskinan (%) dari‚Ä¶ https://t.co/E14XU54Vr8";0;1;6;22;in;1244819229578121216;1668140899677908994;Munir_Timur;https://twitter.com/Munir_Timur/status/1668140899677908994
Sun Jun 11 13:00:11 +0000 2023;1667879401470705672;"@AbdulRachimmks Sprtnya angka kemiskinan ekstrem Jateng yg 620 rb lbh seksi drpd 941 rb (Jawa Barat) dan 1.747 jt (Jawa Timur)";0;0;0;0;in;1308817261684092929;1667672138751553536;kevynsaverio;https://twitter.com/kevynsaverio/status/1667879401470705672
Sun Jun 11 04:25:32 +0000 2023;1667749885377138688;"Penurunan kemiskinan Jawa Tengah  bukan faktor perbaikan ekonomi, tapi dominan suntikan Bantuan sosial, yang realisasinya sbb:  thn 2021 DKI : Rp 531 milyar Jateng:  Rp 8.822 milyar  thn 2022 DKI : Rp 528 milyar Jateng : Rp 7.477 milyar  cc @Munir_Timur  @Reiza_Patters https://t.co/6WG8b4g9WA";9;16;118;183;in;2963337276;1667749885377138688;Quvvatt;https://twitter.com/Quvvatt/status/1667749885377138688
Thu Jun 08 23:22:35 +0000 2023;1666948870864269312;"@VIVAcoid Janjinya sama aja pa dengan calon presiden¬≤ sebelumnya..hasilnya gak keliatan Lg wong jawa timur aja jd daerah termiskin ini mau berantas kemiskinan di indonesiaü§£ü§£ü§£";0;0;0;0;in;1520529630809456640;1666631514938040320;Firmanha1981;https://twitter.com/Firmanha1981/status/1666948870864269312
Thu Jun 08 15:52:30 +0000 2023;1666835603894452225;"@VIVAcoid Jawa Timur aja kemiskinan parah.. Ngomong pa eek pak ganjar";0;0;0;0;in;128729601;1666631514938040320;lovegrezy;https://twitter.com/lovegrezy/status/1666835603894452225
Wed Jun 07 11:06:16 +0000 2023;1666401182150168576;"@Bambangmulyonoo @realprincetotty GUE ORANG JAWA BARAT .. NGGAK YAKIN JAWA BARAT LEBIH SUKSES MENGENTASKAN KEMISKINAN WARGANYA DARIPADA JAWA TENGAH DAN JAWA TIMUR, KALIAN BISA LIHAT MASIH BUANYAK WARGA MISKIN DI JAWA BARAT ..  SURVEY ABAL-2 JANGAN DITANGGAPI .. BERITA KADAL GURUN MANA ADA YANG BENER !";0;2;0;0;in;2858245052;1666226593721888768;Poermansyah_M;https://twitter.com/Poermansyah_M/status/1666401182150168576
Wed Jun 07 02:16:58 +0000 2023;1666267976751017984;"Enam provinsi di Pulau Jawa diantaranya tercatat angka kemiskinan di Provinsi Jawa Tengah 9,5-10%. Kemudian Jawa Timur 8,5-8,90%, dan Daerah Istimewa Yogyakarta (DIY) 10,85-11,2%. #Korea #Gigi #Fullvideo #GISELLE https://t.co/WeK4qyUhyd";0;0;0;0;in;1640913704391970816;1666267976751017984;surabayapagi_id;https://twitter.com/surabayapagi_id/status/1666267976751017984
Tue Jun 06 23:32:31 +0000 2023;1666226593721888768;"Manusia ini selalu menyerang Jawa Tengah tentang kemiskinan, demi elektoral capres yg dia dukung..... Padahal kemiskinan terbanyak itu ada di Jawa timur dan Jawa Barat.... https://t.co/WQ82cf6IvX";0;9;9;28;in;1296312516901916672;1666226593721888768;Bambangmulyonoo;https://twitter.com/Bambangmulyonoo/status/1666226593721888768
Tue Jun 06 12:02:38 +0000 2023;1666052978158211072;"@cinnamongirlc Onok koncoku ngomong jarene jawa timur wes bebas kemiskinan, tpi ambek lontang lantung nang jkt cekelan duek 500ewuü§£";0;0;0;0;in;1176611406;1665970561120604162;lebihpantas;https://twitter.com/lebihpantas/status/1666052978158211072
Mon Jun 05 12:36:35 +0000 2023;1665699135994105857;"Ga usah sesumbar Indonesia deh, berantas dulu kemiskinan ekstrem di Jawa Tengah sebagai basis elektoral PDIP ! https://t.co/57KaiRR68C";8;42;184;525;in;1244819229578121216;1665699135994105857;Munir_Timur;https://twitter.com/Munir_Timur/status/1665699135994105857
Mon Jun 05 11:16:04 +0000 2023;1665678870987825154;"@OposisiCerdas Ini data kemiskinan di Jawa. Jateng terbaik. Badan Pusat Statistik (BPS): provinsi dg penduduk miskin terbanyak di RI thn 2022: Jawa Timur - 4.236.510 jiwa, Jawa Barat - 4.053.620 jiwa, Jawa Tengah - 3.858.230 jiwa.";0;0;0;1;in;272808315;1665479888583655426;qwertyrm;https://twitter.com/qwertyrm/status/1665678870987825154
Sun Jun 04 00:19:40 +0000 2023;1665151296641564673;"@DokterTifa @aniesbaswedan Kemiskinan bisa dikurangi melalui pendidikan.   Berdasarkan data, di Jawa Tengah hanya ada 256 perguruan tinggi. Jauh di bawah Jawa Timur dengan total 338 perguruan tinggi. Jawa Barat terbanyak jumlah perguruan tingginya, yaitu 392.  Ayo Pak Ganjar, jangan cuma lari-lari saja.";0;0;0;0;in;1240247062957973505;1665132005175201792;PrayugoSurip;https://twitter.com/PrayugoSurip/status/1665151296641564673
Sat Jun 03 07:44:01 +0000 2023;1664900731164319744;"@Munir_Timur @Miduk17 Ganjar menjabat Gubernur Jawa Tengah thn 2013-2023.  IDM Jateng thn 2016 = 0,6292, Status BERKEMBANG  IDM Jateng thn 2022 = 0,7119, Status MAJU  Artinya, p Ganjar bekerja meningkatkan status IDM dr Berkembang menjadi Maju.  Bgmn tingkat kemiskinan di JKT selama Anies menjabat? https://t.co/xg5A719cWw";0;0;0;0;in;1243436517462175745;1664647350672031745;AriefGka;https://twitter.com/AriefGka/status/1664900731164319744
Sat Jun 03 07:28:51 +0000 2023;1664896915333316608;"@Munir_Timur @Miduk17 Utk menilai seorang pemimpin itu mampu bekerja atau tdk, salah satunya membandingkan prestasi bbrp thn selama dia menjabat.  Coba anda bandingkan tingkat keminskinan Jakarta &amp  Jawa Tengah thn 2017-2022. Mana yg lbh berhasil mengurangi kemiskinan?   Sy yakin, anda tdk akan berani";0;2;1;6;in;1243436517462175745;1664647350672031745;AriefGka;https://twitter.com/AriefGka/status/1664896915333316608
Wed May 31 08:41:27 +0000 2023;1663828021860773888;"Hasil survei terbaru LSI Denny JA menunjukkan masyarakat meragukan kemampuan Ganjar Pranowo, bakal calon presiden dari PDIP, mengelola perekonomian nasional.  Penyebabnya adalah angka kemiskinan di Provinsi Jawa Timur (Jatim) yang dinilai masih tinggi, padahal Ganjar telah";0;1;0;0;in;1656562862201122817;1663828019776204800;Esensi_TV;https://twitter.com/Esensi_TV/status/1663828021860773888
Wed May 31 08:16:29 +0000 2023;1663821736754950144;"@che20palma @ganjarpranowo Dan jika kita membaca data..trend penurunan kemiskinan jika dibandingkan Antara jawa barat dan jawa timur..jateng tetap pada urutan dibwah diantar 2 prov tsb dalam penuruan kmiskinan.. jdi shrusnya lebih jago jika ridwan kamil atau khofifah yg maju jadi capres..dibandung ganjar";0;2;0;0;in;2232222276;1663794201476358144;brochandra;https://twitter.com/brochandra/status/1663821736754950144
Tue May 30 08:28:33 +0000 2023;1663462387666817024;"Angka kemiskinan di Kabupaten Lumajang, Jawa Timur pada tahun 2022 mencapai 9,06 persen. Angka itu, mengalami penurunan dibanding tahun 2021. https://t.co/3CdTFQmgqZ";0;0;0;0;in;1291246080269545472;1663462387666817024;ngopibareng_id;https://twitter.com/ngopibareng_id/status/1663462387666817024
Tue May 30 01:16:59 +0000 2023;1663353781218848768;"Angka kemiskinan di Kabupaten Lumajang, Jawa Timur pada tahun 2022 mencapai 9,06 persen. Angka itu, mengalami penurunan dibanding tahun 2021 yang mencapai 10,05 persen. Senin (29/5/2023)  selengkapnya: https://t.co/lemSMjRTaE https://t.co/L49TLuekdT";0;0;0;1;in;3346124654;1663353781218848768;lumajang_kab;https://twitter.com/lumajang_kab/status/1663353781218848768
Mon May 29 01:33:13 +0000 2023;1662995475786772480;"#NawakNgalam &amp  #NawakPerecana  Kepala Bappeda Kota Malang bersama seluruh Kepala Bappeda se-Provinsi Jawa Timur, dalam rangkaian kegiatan Rapat Koordinasi Tim Koordinasi Penanggulangan Kemiskinan yang diselenggarakan oleh Bappeda Provinsi Jawa Timur di Santika Hotel Surabaya. https://t.co/k1mshmVKlx";0;0;0;0;in;3195461750;1662995475786772480;bappedamlg;https://twitter.com/bappedamlg/status/1662995475786772480
Sat May 27 13:08:30 +0000 2023;1662445675127410691;"@Rifqizuhdi281 @ArdhaniFariz @ch_chotimah2 Sini klo mau tau banyak org miskin pergi k lampung.  Jawa tengah/jawa timur penduduk padat maklum klo banyak kemiskinan. Tp bili bahan pokok jg murah..  Lapung penduduk separuhnya Jawa tengah/ Jawa timur. Msh Banyak kemiskinanan.";0;3;0;0;in;1308991994149195776;1661600761669914624;AngaraLeong;https://twitter.com/AngaraLeong/status/1662445675127410691
Wed May 24 12:59:45 +0000 2023;1661356309927829506;"Para Bacaleg Partai Perindo komitmen untuk terus mengentas kemiskinan di Kota Surabaya, Jawa Timur. Langkah nyata mereka dengan membagikan gerobak  Perindo.   #Sindonews #news .https://t.co/dmliyE1EzP";0;0;0;0;in;231355136;1661356309927829506;SINDOnews;https://twitter.com/SINDOnews/status/1661356309927829506
Sat May 20 04:08:17 +0000 2023;1659773011522887685;"@termos_sergio FAKTA: Kemiskinan di jawa tengah menjadi peringkat 17 nasoional  Jalan jawa tengah banyak yang rusak parah  Banjir dimana mana  Buruh , tukang bangunan , kuli sawah , banyak yang merantau ke jakarta dan jawa timur,  Terus UMKM apa yang di bangga bangga kan  Wadas gimana kabarnya";0;1;0;0;in;1604129597443801089;1657934931270696960;MasHart02991210;https://twitter.com/MasHart02991210/status/1659773011522887685
Sat May 20 01:30:09 +0000 2023;1659733214544662528;"Sekali lagi, liputan berkualitas dari Project M. Kali ini bicara tentang fenomena perkawinan anak (di Jawa Timur) dan akar kemiskinan struktural di baliknya.  Para politisi yang nyaleg dari dapil Jawa Timur mustinya bisa mengangkat isu ini sebagai program utama.";0;0;0;2;in;135413212;1659733214544662528;HastoSuprayogo;https://twitter.com/HastoSuprayogo/status/1659733214544662528
Fri May 19 08:45:07 +0000 2023;1659480290287587328;"üíî  Impian Terkubur, Kemiskinan Menyubur: Korban Putus Sekolah dan Perkawinan Anak di Jawa Timur https://t.co/eR0WQLU2eh";1;1;32;83;in;98590981;1659480290287587328;fahrisalam;https://twitter.com/fahrisalam/status/1659480290287587328
Wed May 17 13:59:36 +0000 2023;1658834655766884358;"Mathur Husyairi Kembali Nyaleg dari PBB, Masalah Kemiskinan di Jawa Timur Jadi Atensi Pokok https://t.co/xrJw9vvZRl";0;0;0;0;in;846324454003171328;1658834655766884358;MediaJatim;https://twitter.com/MediaJatim/status/1658834655766884358
Wed May 17 03:35:39 +0000 2023;1658677636238049285;"Kemiskinan ekstrem Jateng masih tinggi di daratan Jawa, IPM/HDI ga jauh lebih baik dari provinsi lain, Indeks Pembangunan Kesehatan Masyarakat (IPKM) rendah di daratan Jawa, IDM/Indeks Desa Membangun kalah dari Jabar &amp  Jatim. Demikian pun angka stunting yang masih tinggi. Tapi‚Ä¶ https://t.co/uU1r0TrmF5";23;87;303;718;in;1244819229578121216;1658677636238049285;Munir_Timur;https://twitter.com/Munir_Timur/status/1658677636238049285
Fri May 12 12:11:48 +0000 2023;1656995588544819201;"Begini cara Wagub Jatim menurunkan penganghuran dan kemiskinan di Jawa Timur.  #wagubjatim #emildardak #pemprovjatim #wargajatim #jawatimur #trendingtiktok #mediaindonesia #indonesia #viralindonesia #breakingnews #pesonaindonesia https://t.co/9bfL2RU7DV";0;0;0;0;in;1336919609589571585;1656995588544819201;sabdaxkalam;https://twitter.com/sabdaxkalam/status/1656995588544819201
Fri May 12 12:08:06 +0000 2023;1656994659141570560;"Brebes ini daerah dengan kemiskinan ekstrem tertinggi di Jawa Tengah menurut BPS. Ada 34 desa dengan kategori miskin ekstrem di tahun 2021.  Sebaiknya Kadesnya fokus kelola APBDes dari pada ikutan copras capres. Agar bisa tumbuh dari desa tertinggal ke desa maju dan seterusnya‚Ä¶";12;55;120;283;in;1244819229578121216;1656994659141570560;Munir_Timur;https://twitter.com/Munir_Timur/status/1656994659141570560
Fri May 12 10:27:24 +0000 2023;1656969315135135745;"Pariwisata Solusi Bantu atasi Kemiskinan  ‚Äî Pariwisata bisa menciptakan lapangan kerja berkualitas yang membuka cross kolaborasi antara pariwisata dan ekonomi kreatif, Bupati Sumenep, Jawa Timur, Achmad Fauzi Wongsojudo punya cara tersendiri dalam upaya menekan angka¬†kemiskinan‚Ä¶ https://t.co/JbkO7rictw";0;4;18;18;in;1251824880967774208;1656969315135135745;Heraloebss;https://twitter.com/Heraloebss/status/1656969315135135745
Thu May 11 11:10:35 +0000 2023;1656617794010755072;"Menurut Data BPS Jawa Timur, angka kemiskinan di Kabupaten Sumenep pada 2022, menyisakan 18,76%. Jumlah ini jauh menurun ketimbang tahun 2021 yang mencapai 20,51% https://t.co/zynhZR1aV9";0;1;1;13;in;546956094;1656617773689352192;hrmnt__;https://twitter.com/hrmnt__/status/1656617794010755072
Thu May 11 02:32:27 +0000 2023;1656487402020700160;"Kemiskinan di Jawa Timur Masih Tinggi, Inilah yang Harus Dilakukan BUMD Perbankan https://t.co/XoPJtIdICo";0;0;0;0;in;1033940986169155586;1656487402020700160;JakartaNewsID1;https://twitter.com/JakartaNewsID1/status/1656487402020700160
Wed May 10 10:43:10 +0000 2023;1656248507651739654;"Brebes-Jateng  Daerah Miskin Ekstrem Ketiga di Daratan Jawa  Brebes menjadi daerah miskin ekstrem tertinggi di Provinsi Jawa Tengah (10,11%). Untuk seluruh daratan Jawa, Brebes menjadi daerah dengan kemiskinan ekstrem ke tiga setelah Bangkalan-Jatim (12,25%) dan Sumenap-Jatim‚Ä¶ https://t.co/3oYpw1Zgr2";11;50;148;292;in;1244819229578121216;1656248507651739654;Munir_Timur;https://twitter.com/Munir_Timur/status/1656248507651739654
Sun May 07 10:23:28 +0000 2023;1655156388153401345;"@Jelli_cent @ganjarpranowo @PDI_Perjuangan Jateng jalannya rusak,kena bencana, kemiskinan warganya meningkat, gubernurnya,joging ke jakarta, Jawa Barat dan Jawa Timur, memang di Jateng gak ada jalan nyaman utk joging kale ya... https://t.co/zhMIBz6px3";0;0;0;0;in;1603589539523543040;1654730203866996739;syafrialdasri38;https://twitter.com/syafrialdasri38/status/1655156388153401345
Sat May 06 08:40:41 +0000 2023;1654768130504409088;"@Panca126 @Munir_Timur Terus kalau bisa bekerja kemiskinan di Jawa Tengah bisa di tanggulangi dong?";0;1;0;0;in;1630892343275683840;1654483674505568265;ZAN2023_1;https://twitter.com/ZAN2023_1/status/1654768130504409088
Sat May 06 04:49:38 +0000 2023;1654709986470277120;"Pemerintah Kabupaten Bojonegoro terus berkontribusi dalam upaya menurunkan angka kemiskinan daerah. Berdasarkan data BPS Provinsi Jawa Timur, Kabupaten Bojonegoro berada di urutan ke-2 tertinggi se-Jawa Timur dalam persentase penurunan kemiskinan dan uru  https://t.co/1DmnPSdfAQ";0;0;0;0;in;1636565293379227650;1654709986470277120;Balijaninews;https://twitter.com/Balijaninews/status/1654709986470277120
Fri May 05 02:28:19 +0000 2023;1654312034673250306;"KEJANGGALAN HARTA KEKAYAAN BUPATI SAMPANG  Harta kekayaan Bupati Sampang berbanding terbalik dgn kondisi kemiskinan di Kab. Sampang saat ini.  Bhw terdapat 217.970 penduduk yg hidup dibawah GARIS KEMISKINAN. Bahkan terkenal sbg kantung kemiskinan di Jawa Timur.  KPK gk curiga?üßê https://t.co/DREgTQiKAh";23;67;574;1516;in;1632328794228011009;1654312034673250306;bung_madin;https://twitter.com/bung_madin/status/1654312034673250306
Thu May 04 19:08:45 +0000 2023;1654201416666472449;"belum kembali ke level pra pandemi, dan Jawa Timur pun sama. Meski demikian, kita mensyukuri ternyata angka kemiskinan di pedesaan hari ini lebih rendah daripada pra pandemi. Jadi, ini menunjukkan ada progres di pedesaan,‚Äù jelas Emil.  Selengkapnya: https://t.co/0lL8141CEF";0;1;0;0;in;1053747934104178688;1654201408818937856;everyone_care;https://twitter.com/everyone_care/status/1654201416666472449
Thu May 04 19:08:44 +0000 2023;1654201408818937856;"Masalah kemiskinan dan pengangguran di Jawa Timur menjadi fokus pekerjaan rumah (PR) pemerintahan Khofifah Indar Parawansa dan Emil Elestianto Dardak di tahun terakhir memimpin provinsi Jawa Timur.  Pernyataan itu disampaikan Wakil Gubernur Jatim Emil Elestianto Dardak usai";0;1;0;0;in;1053747934104178688;1654201408818937856;everyone_care;https://twitter.com/everyone_care/status/1654201408818937856
Thu May 04 18:28:27 +0000 2023;1654191272947781633;"@Munir_Timur @Miduk17 @aniesbaswedan Tingginya UMP Jakarta tdk sebanding dngn pengeluaran hidup warganya. Akhirnya angka kemiskinan bertambah dan warganya tidak bahagia. Rendahnya UMP Jateng sesuai dngn pengeluaran hidup warganya, sehingga angka kemiskinan menurun dan indeks kebahagiaan warga Jawa Tengah meroket.";0;0;0;2;in;720655727816105984;1653993397315842052;Fr4nst;https://twitter.com/Fr4nst/status/1654191272947781633
Thu May 04 15:59:29 +0000 2023;1654153785738948610;"Masalah kemiskinan dan penggangguran di Jawa Timur terus mengakar tidak ada ujungnya.  Hal tsb menjadi fokus PR di pemerintahan Khofifah - Emil Dardak  #doktordoevebiliyoruz #MayThe4thBeWithYou #JENNIE #MissUniversePhilippines #HBDSouthQueenTrisha #4mei https://t.co/Fg6tEZtuOW";0;0;0;0;in;1437431744035123202;1654153785738948610;_jejakkita;https://twitter.com/_jejakkita/status/1654153785738948610
Thu May 04 14:54:30 +0000 2023;1654137431325589504;"Masalah kemiskinan dan pengangguran di Jawa Timur menjadi fokus pekerjaan rumah (PR) pemerintahan Khofifah Indar Parawansa dan Emil Elestianto Dardak di tahun terakhir memimpin provinsi Jawa Timur #emildardak #wagubjatim #jawatimur  #trending  Selengkapnya https://t.co/6ZiIe82FvA";0;0;0;1;in;1437856483501240322;1654137431325589504;Andra_cukup;https://twitter.com/Andra_cukup/status/1654137431325589504
Thu May 04 12:49:24 +0000 2023;1654105946359226368;"Bupati kampung dari Madura dgn berbagai programnya berhasil menjadikan Sumenep sbg Kab yg meraih banyak prestasi UMK Sumenep tertinggi se-Madura Angka kemiskinan turun drastis Dan banyak lagi keberhasilannya  @achmadfauzi_wy Dari Sumenep Untuk Madura, Dari Madura Untuk Jawa Timur https://t.co/YE8NpLmbne";0;0;4;9;in;546956094;1654105936951382016;hrmnt__;https://twitter.com/hrmnt__/status/1654105946359226368
Tue May 02 05:20:49 +0000 2023;1653268284794626048;"@Munir_Timur Warga jateng punya falsafah jawa yg kuat, urusan dunia ada jawabannya....apalagi thdp mrk yg mempolitisir kemiskinan....prett kata mrk....";0;2;0;0;in;1324564910911549440;1653254036085436418;Sarinah116;https://twitter.com/Sarinah116/status/1653268284794626048
Mon May 01 16:20:14 +0000 2023;1653071841152614403;"@Memejamkanmata_ @catreonot Kalo di bilang sunda males jawa lebih males menurut data BPS jogjakarta provinsi paling miskin di pulang jawa,jawa timur jumlah kemiskinan nya buanyak 4,236 Juta orang sedangkan jabar 4,05 juta menurun secara populasi banyakan jabar sedangkan jatim naik 55,22 ribu orang";0;0;0;1;in;480256894;1651767172031729664;opick7yiddo;https://twitter.com/opick7yiddo/status/1653071841152614403
Sat Apr 29 04:28:03 +0000 2023;1652167839703498753;"@Yoga28303377 @Munir_Timur Menurutku sudah menurun kemiskinan di jawa tengah. Menurun ke anak cucu.";0;0;0;0;in;1457338159742603266;1651805751562878977;YantoKarsi;https://twitter.com/YantoKarsi/status/1652167839703498753
Sat Apr 29 02:04:16 +0000 2023;1652131657200332800;"FYI Tweps.. Provinsi Jawa Timur merupakan salah satu dari tujuh provinsi yang dijadikan pilot project program percepatan pengentasan kemiskinan ekstrem di Indonesia.  #BerhakHidupLayak Bersama Lawan¬†Kemiskinan";0;0;0;2;in;280500568;1652131657200332800;duniazie;https://twitter.com/duniazie/status/1652131657200332800
Fri Apr 28 13:25:17 +0000 2023;1651940651376975872;"dan memaksimalkan rancangan-rancangan program kerja milik Bakorwil sehingga dapat terus berinovasi dalam proses upaya pengentasan kemiskinan serta pengurangan angka pengaangguran di Jawa Timur.  #dprdjatim #dprd #jatim #kunker #umkmjatim #ekonomijatim";0;0;0;0;in;1483288158272126979;1651940485143904256;dprdprovjatim;https://twitter.com/dprdprovjatim/status/1651940651376975872
Fri Apr 28 11:54:20 +0000 2023;1651917764490326017;"@Munir_Timur Pd umumnya petani di Jawa sejak era orba (revolusi hijau) boleh dibilang pekerja keras, rajin, ulet dan hemat.  Jika data statistik tsb benar (tkt kemiskinan tinggi), mk boleh jadi disebabkan kebijakan pemerintah set4 kurang berdayakan petani, terutama masalah pasar.";0;1;0;1;in;1530107530227351552;1651650842276286470;AlbertKusen11;https://twitter.com/AlbertKusen11/status/1651917764490326017
Fri Apr 28 11:48:04 +0000 2023;1651916184814784512;"@Munir_Timur Era 80-an terjadi debat di kalangan ekonom &amp  ilmuan sosial, apakah kemiskinan di Jawa disebabkan faktor budaya (cultural poverty) atau faktor kemiskinan struktural. Budaya kemiskinan bertautan dgn fatalisme, malas, konformisme, ketiadaan jaringan sosial. Kemiskinan struktural?";0;1;0;0;in;1530107530227351552;1651650842276286470;AlbertKusen11;https://twitter.com/AlbertKusen11/status/1651916184814784512
Fri Apr 28 04:04:37 +0000 2023;1651799555208548352;"@Tan_Mar3M Makanya wong Jawa harus dibikin miskin,khususnya yang sebelah timur dan tengah,agar dapat dikendalikan dan ditipu..  Ingat,,,"kemiskinan itu mendekatkan pada kekufuran".  Coba tanya sama yang maha NKRI @nahdlatululama ??";0;0;0;0;in;553400440;1651773665674166272;armanhermawan3;https://twitter.com/armanhermawan3/status/1651799555208548352
Thu Apr 27 23:30:42 +0000 2023;1651730619884511232;"10 Daerah Penyumbang Tertinggi Kemiskinan di Jawa Timur 2022 https://t.co/f1Zfy8Y1aG";0;0;0;0;in;1187568093381283840;1651730619884511232;thejatimcom;https://twitter.com/thejatimcom/status/1651730619884511232
Thu Apr 27 22:35:36 +0000 2023;1651716753523875840;"@Munir_Timur Kemiskinan, kebodohan dan mudah disogok pakai amplop penyebab terpuruknya jawa tengah";0;0;1;5;in;250898887;1651650842276286470;Dironotonegoro;https://twitter.com/Dironotonegoro/status/1651716753523875840
Thu Apr 27 17:13:19 +0000 2023;1651635648296783872;"Bahkan kalo make sumber data yg digunakan oleh cnbc, garus kemiskinan jakarta 2x lebih besar dari garis kemiskinan di jawa timur.  Pada September 2022, garis kemisikinan di jakarta senilai 773.370 perkapita perbulan https://t.co/ILEhmldUWp";0;1;0;0;in;1336862676983562240;1651635628646481920;GaTypoLagi;https://twitter.com/GaTypoLagi/status/1651635648296783872
Thu Apr 27 09:38:13 +0000 2023;1651521120942829568;"@Munir_Timur Pak kita lihat ya pas menjabat , dia bisa gak nurunin kemiskinan ? Jawa tengah dan jakarta tuh jumlah penduduk ya jg beda";0;0;0;0;in;1460792334115749893;1651171901870587904;w35986475;https://twitter.com/w35986475/status/1651521120942829568
Thu Apr 27 05:40:26 +0000 2023;1651461279931039746;"@Jurigngariwig @RfgL88 @Munir_Timur @aniesbaswedan @ganjarpranowo Jangan salahkan Ganjar, Jateng itu prov miskin di pulau jawa sudah mulai berpuluh2 tahun yg lalu. Yang jelas, selama Ganjar menjabat kemiskinan di Jateng itu menurun. üëªüëªüëª Jurig unyillll";0;1;0;1;in;1636599920831414272;1651157374475071490;awinzzz1985;https://twitter.com/awinzzz1985/status/1651461279931039746
Thu Apr 27 01:32:44 +0000 2023;1651398944562487296;"@Munir_Timur Mimpin ibukota dengan ApBD yg sangat besar Dengan wilayah yg jauh lebih kecil dibandingkan dengan Jawa tengah, tpi kenapa angka kemiskinan di DKI dibawah kepemimpinan Anis malah mengalami kenaikan???";0;1;0;2;in;1340122706507751425;1651171901870587904;AhmadAr34758311;https://twitter.com/AhmadAr34758311/status/1651398944562487296
Wed Apr 26 23:44:02 +0000 2023;1651371589701877761;"@ginanjarfindana @KigundulG @Munir_Timur @JhonniSinaga20 @aniesbaswedan Data BPS menyatakan Selama kepemimpinan Ganjar Pranowo kemiskinan di Jawa tengah menurun Sedangkan data BPS juga selama kepemimpinan Anies Baswedan kemiskinan di Jakarta naik  Gitu aza koq repot";0;1;1;1;in;1163030228232355840;1651171901870587904;KangDadangTea8;https://twitter.com/KangDadangTea8/status/1651371589701877761
Wed Apr 26 13:05:11 +0000 2023;1651210816291758081;"@CHINTYA97475081 @Munir_Timur Jateng turun kemiskinan bukan prestadi ganjar, tapi karena tidak ada lapangan pekerjaan di jawa tengah dan umr yang kecil akhirnya banyak yang  jadi perantau dan tki dan membawa kesejahteraan, coba cek saja berapa jumlah tki di jateng";0;1;1;5;in;1650824663210291200;1651171901870587904;Saba_404;https://twitter.com/Saba_404/status/1651210816291758081
Tue Apr 25 04:04:44 +0000 2023;1650712419726143488;"@bachrum_achmadi Ilmiah nya Jawa tengah itu banyak jalan rusak.. kemiskinan terbanyak..dan banyak aliran kepercayaan..jadi kurang religius gitu kali..klo Jawa timur religius..";0;0;0;0;in;1505689255418691584;1650481217052229636;Suharto91638148;https://twitter.com/Suharto91638148/status/1650712419726143488
Mon Apr 24 13:59:56 +0000 2023;1650499818001686528;"@islah_bahrawi Apa Hubungannya dgn Afganistan ? Lebih cocok itu suruh tinggal d Jawa Tengah atau Jawa Timur sj, lebih sama kok, dsna Agama d jadikan komoditas Politik dan memelihara  Kebodoham dan Kemiskinan agar suaranya bsa d beli oleh Ormas Agama dan Penguasa Politik ü§£ü§£ü§£";0;0;0;1;in;1629215174241710085;1650434409542320128;rasnugrosgaha;https://twitter.com/rasnugrosgaha/status/1650499818001686528
Mon Apr 24 07:03:48 +0000 2023;1650395097719259138;"@Munir_Timur Nambah lg variabel üòÅüëç.. Jateng yg Kemiskinannya menurun tp kok Stunting tertinggi di daratan Jawa ? Stunting dan Kemiskinan variabel linier jika tdk linier berarti ngaco üòÖ";0;0;0;1;in;102505578;1650389152410775552;Babamovic;https://twitter.com/Babamovic/status/1650395097719259138
Sun Apr 23 19:19:23 +0000 2023;1650217822134611970;"@Munir_Timur Pada masa pandemi Covid-19 tahun 2020-2021, angka kemiskinan di Jawa Tengah mengalami kenaikan.  Pada 2020 angka kemiskinan berada di angka 3,98 juta jiwa dan 2021 sebanyak 4,10 juta jiwa. Meskipun pada 2022, angka itu berhasil turun kembali menjadi 3,83 juta jiwa.";0;0;0;0;in;1603981613159034880;1650146460707741701;IrwanBa64242854;https://twitter.com/IrwanBa64242854/status/1650217822134611970
Sun Apr 23 19:18:49 +0000 2023;1650217682141331457;"@Munir_Timur Polisi menyebut setidaknya 8.000 ribu kepala keluarga terdampak banjir rob yang menerjang sekitar Pelabuhan Tanjung Emas, Semarang, pada Mei 2022 lalu.  4) Angka Kemiskinan, Kemiskinan menjadi sektor yang perlu disoroti saat kepemimpinan Ganjar sebagai Gubernur Jawa Tengah.";0;1;0;0;in;1603981613159034880;1650146460707741701;IrwanBa64242854;https://twitter.com/IrwanBa64242854/status/1650217682141331457
Sun Apr 23 18:58:30 +0000 2023;1650212570694045697;"@Munir_Timur PR Besar Ganjar Pranowo di Jateng: Konflik Wadas hingga Kemiskinan  UTAS:  "Gubernur Jawa Tengah Ganjar Pranowo resmi didapuk sebagai calon presiden (capres) untuk Pemilu 2024 oleh PDI Perjuangan (PDIP). Selama menjabat sebagai gubernur,  https://t.co/owe86BwGVR";1;5;21;37;in;1603981613159034880;1650146460707741701;IrwanBa64242854;https://twitter.com/IrwanBa64242854/status/1650212570694045697
Fri Apr 14 05:51:11 +0000 2023;1646752942048047106;"Musyawarah Perencanaan Pembangunan Kerja Pemerintah Daerah (RKPD) Provinsi Jawa Timur membahas beberapa poin terutama tentang target dan pencampaian 2024.  Meskipun beberapa sektor masih perlu dikoreksi seperti kemiskinan dan ekonomi yang belum pulih kembali sejak Covid-19, namun https://t.co/auezAtz4JW";0;1;0;1;in;1483288158272126979;1646752942048047106;dprdprovjatim;https://twitter.com/dprdprovjatim/status/1646752942048047106
Thu Apr 13 18:23:32 +0000 2023;1646579888772743168;"Gubernur Khofifah menjelaskan penekanan prioritas pembangunan RKPD Provinsi Jawa Timur Tahun 2024. Mulai dari pendidikan berkualitas, peningkatan pelayanan kesehatan, percepatan penurunan kemiskinan, serta penurunan stunting dan penyakit lainnya.";0;0;1;0;in;771337601269714944;1646579886088392705;JatimPemprov;https://twitter.com/JatimPemprov/status/1646579888772743168
Tue Apr 11 08:05:34 +0000 2023;1645699596440735744;"Sesuai dengan arahan Bapak Presiden RI yang disampaikan oleh Menteri PAN RB Azwar Anas di Kantor BPSDM Jawa Timur, perubahan roadmap birokrasi berfokus pada 4 prioritas yaitu Penanggulangan Kemiskinan, Peningkatan Investasi- https://t.co/l8qDxkp3mF";0;1;1;0;in;1579306262;1645699596440735744;prokopimkwb;https://twitter.com/prokopimkwb/status/1645699596440735744
Tue Apr 11 00:43:09 +0000 2023;1645588258657832960;"@RyaWiedy Berantas adalah sungai di Jawa Timur, mungkin maksudnya kemiskinan sulit ditemukan di sungai berantas";0;1;0;1;in;1063640838083772416;1645586916337909760;ikhmart__;https://twitter.com/ikhmart__/status/1645588258657832960
Wed Apr 05 04:25:03 +0000 2023;1643469774478004225;"Bupati Baddrut Dalam Belenggu Kemiskinan Di Pamekasan: News Satu, Pamekasan, Rabu 5 April 2023- Bupati Pamekasan, Madura, Jawa Timur,    The post Bupati Baddrut Dalam Belenggu Kemiskinan Di Pamekasan appeared first on News Satu. https://t.co/CoIOBOjhZO https://t.co/el4Gdh38nA";0;0;0;0;in;4132510154;1643469774478004225;newsmadura6;https://twitter.com/newsmadura6/status/1643469774478004225
Tue Apr 04 07:23:07 +0000 2023;1643152202012438529;"Jurus Bupati Fauzi, Keluar Dari Belenggu Kemiskinan Di Sumenep: News Satu, Sumenep, Selasa 4 April 2023- Bupati Sumenep, Madura, Jawa Timur,    The post Jurus Bupati Fauzi, Keluar Dari Belenggu Kemiskinan Di Sumenep appeared first on News Satu. https://t.co/K40YIlnaqs https://t.co/oL8Dim58Wh";0;0;0;0;in;4132510154;1643152202012438529;newsmadura6;https://twitter.com/newsmadura6/status/1643152202012438529
Mon Apr 03 10:18:55 +0000 2023;1642834053404721152;"Dalam kesempatan tersebut, di hadapan Gubernur Jawa Timur, Bupati Sumenep @achmadfauzi_wy membeberkan upayanya dalam mengentaskan kemiskinan di wilayahnya, Salah satunya dengan memaksimalkan Badan Amil Zakat Nasional (Baznas) setempat. https://t.co/JwkIA7jJa4";0;2;12;18;in;546956094;1642834044072378371;hrmnt__;https://twitter.com/hrmnt__/status/1642834053404721152
Mon Apr 03 07:23:03 +0000 2023;1642789796853739520;"Bupati Sumenep Kolaborasi Dengan Baznas Dalam Menurunkan Angka Kemiskinan: News Satu, Sumenep, Minggu 2 April 2023- Bupati Sumenep, Madura, Jawa Timur,    The post Bupati Sumenep Kolaborasi Dengan Baznas Dalam Menurunkan Angka Kemiskinan appeared first‚Ä¶ https://t.co/aXMoxcIMy7 https://t.co/QOEvYqsGu7";0;0;0;0;in;4132510154;1642789796853739520;newsmadura6;https://twitter.com/newsmadura6/status/1642789796853739520
Sun Apr 02 12:55:12 +0000 2023;1642510997389983746;"Dihadapan Gubenur Jawa Timur, Bupati Fauzi Beberkan Langkah Taktis Turunkan Angka Kemiskinan di Sumenep | MEMO online https://t.co/8H8fPD488o";0;0;0;0;in;1264147063;1642510997389983746;udiens_;https://twitter.com/udiens_/status/1642510997389983746
Fri Mar 31 11:59:48 +0000 2023;1641772278450126852;"Jawa Timur menjadi Provinsi tertinggi yang berhasil menurunkan angka kemiskinan se Indonesia, kemudian disusul oleh Jawa Tengah diurutan kedua. https://t.co/SHJToKP9tu";0;0;0;0;in;292022683;1641772278450126852;Ibnu_Wardi;https://twitter.com/Ibnu_Wardi/status/1641772278450126852
Sat Mar 18 12:31:46 +0000 2023;1637069279102390274;"Menjadi rancu takkala dana hibah menjadi solusi untuk mengentas kemiskinan.  Hal ini menjadi pertanyaan, karena Pulau Madura menjadi penyumbang terbeaar kemiskinan di Wilayah Jawa Timur.  Statement dr Bupati Sumenep @achmadfauzi_wy , penyaluran dana hibah Jatim tak ada komunikasi https://t.co/1BBrFedauU";0;1;16;22;in;1482659040123830273;1637069279102390274;Raden_Wijaya008;https://twitter.com/Raden_Wijaya008/status/1637069279102390274
Sat Mar 18 11:27:11 +0000 2023;1637053026073726978;"Malming ini kita intip sedikit tentang dana hibah di Jawa Timur üòâ  Kemiskinan di Madura itu penyumbang terbanyak bagi Jawa Timur  Dan adanya penyimpangan dana hibah itu baru terbuka akhir akhir ini  3 tahun dikorupsiüò±  Itu data penerima dana hibah gk ada loh,lantas dikemanain? https://t.co/oeFZ5EtUVM";1;5;30;42;in;91185042;1637053026073726978;siticeriaselalu;https://twitter.com/siticeriaselalu/status/1637053026073726978
Sun Mar 12 03:19:32 +0000 2023;1634755980365012992;"Bantah Pernyataan Mujahid, PPP Jatim Tak Setuju Hibah Dihapus.  DPW PPP Jawa Timur menegaskan mendukung segala bentuk program dan kebijakan dari Pemprov Jatim untuk mengentaskan kemiskinan. --‚Ä¶ https://t.co/LlCbiblMZM #PolitikPemerintahan #habissalimquraisy via @beritajatimcom";0;0;0;0;in;21287066;1634755980365012992;beritajatimcom;https://twitter.com/beritajatimcom/status/1634755980365012992
Thu Mar 09 08:49:44 +0000 2023;1633751911873777664;"#pasuruannewsupdate Pemerintah Kabupaten Pasuruan siap mendukung penuh Pemerintah Provinsi Jawa Timur dalam upaya penanggulangan kemiskinan.  https://t.co/EUhUeHYqKL https://t.co/L5BWl5AoL0";0;0;0;1;in;286765421;1633751911873777664;suarapasuruan;https://twitter.com/suarapasuruan/status/1633751911873777664
Thu Mar 09 02:06:08 +0000 2023;1633650342796890112;"kerja-kerja kolaboratif yang berhasil diraih oleh Pemprov Jawa Timur dalam kerangka kerja Good Governance. Dalam catatan BPS, selama periode Maret 2021 ‚Äì Maret 2022 Provinsi Jatim mengalami penurunan kemiskinan sebanyak 391.400 jiwa. https://t.co/WH5d1U94nU";0;2;0;0;in;721590341669748736;1633650339265286146;OmJ_JeNggot;https://twitter.com/OmJ_JeNggot/status/1633650342796890112
Thu Mar 09 02:06:07 +0000 2023;1633650339265286146;"Semenjak Februari 2019 Provinsi Jawa Timur berhasil mendapat 198 penghargaan   Bahkan penurunan angka kemiskinan paling tinggi se indonesia https://t.co/ou47jZCSh9";0;2;3;11;in;721590341669748736;1633650339265286146;OmJ_JeNggot;https://twitter.com/OmJ_JeNggot/status/1633650339265286146
Wed Mar 08 01:34:45 +0000 2023;1633280058906533888;"Kemiskinan Desa di Jawa Timur Menurun tapi Perkotaan Meningkat https://t.co/EQ6yrV5sCl";9;11;4;27;in;848614550;1633280058906533888;e100ss;https://twitter.com/e100ss/status/1633280058906533888
Tue Mar 07 17:42:37 +0000 2023;1633161241912016897;"Wagub Emil: Kemiskinan Kota di Jatim Naik, Kemiskinan Desa Turun.  Surabaya (https://t.co/ksziGGp1k3) ‚Äì Angka kemiskinan di desa Provinsi Jawa Timur per Maret 2023, menurun dibandingkan‚Ä¶ https://t.co/lLYhAODwRb #PolitikPemerintahan #emilelestiantodardak via @beritajatimcom";0;0;0;0;in;21287066;1633161241912016897;beritajatimcom;https://twitter.com/beritajatimcom/status/1633161241912016897
Tue Mar 07 12:40:36 +0000 2023;1633085239093514240;"Malinau merupakan daerah kedua yang menuntaskan kemiskinan ekstrem. Sebelumnya Kabupaten Tulungagung, Jawa Timur, juga sukses menurunkan jadi 0% pada 2022 persen dari 0,94% pada 2021. Sesuai target Presiden Jokowi, pada 2024 kemiskinan ekstrem tuntas 0%. #KemenkoPMK";0;1;0;0;in;2461082029;1633084826239778817;kemenkopmk;https://twitter.com/kemenkopmk/status/1633085239093514240
Tue Mar 07 11:58:34 +0000 2023;1633074657355268097;"Angka kemiskinan desa di Jawa Timur menurun berkat upaya percepatan penyaluran dana desa dalam membangun ekonomi masyarakat desa. https://t.co/Z24YX3aSVS";0;0;0;0;in;1291246080269545472;1633074657355268097;ngopibareng_id;https://twitter.com/ngopibareng_id/status/1633074657355268097
Tue Mar 07 01:39:34 +0000 2023;1632918882234286080;"Said: Anggota Fraksi PDIP se-Jatim Fokus Kurangi Angka Kemiskinan.  DPD PDIP Jawa Timur menggelar kegiatan Bimbingan Teknis (Bimtek) bagi anggota Fraksi Tingkat Provinsi dan Kabupaten/Kota di‚Ä¶ https://t.co/Mzmqn6e7u1 #PolitikPemerintahan #MHSaidAbdullah via @beritajatimcom";0;0;0;0;in;21287066;1632918882234286080;beritajatimcom;https://twitter.com/beritajatimcom/status/1632918882234286080
Mon Mar 06 02:45:46 +0000 2023;1632573156807540743;"Angka Kemiskinan Semakin Turun, Kota Madiun Terendah Keempat di Jawa Timur https://t.co/b4VJD0TaoV";0;0;0;0;in;3319754540;1632573156807540743;93fmsuaramadiun;https://twitter.com/93fmsuaramadiun/status/1632573156807540743
Wed Mar 01 08:29:19 +0000 2023;1630847672092618752;"Roadshow Percepatan Penurunan Stunting Dan Penghapusan Kemiskinan Ekstrem di Kabupaten/Kota Provinsi Jawa Timur Bersama Bapak Menteri Koordinator Bidang PMK  https://t.co/VEw0KSivVk  #kemiskinanekstrem #stunting #bkkbn https://t.co/iOCKzfjWFX";0;0;0;0;in;338904096;1630847672092618752;bkkbnjawatimur;https://twitter.com/bkkbnjawatimur/status/1630847672092618752
Wed Mar 01 07:59:23 +0000 2023;1630840138099208194;"Dandim 0815/Mojokerto diwakili Pgs. Pasi Ter Kodim 0815/Mojokerto Kapten Inf Nuril Mustofa, mengikuti kegiatan Roadshow Daring Bersama Menko PMK Percepatan Penurunan Stunting dan Penghapusan Kemiskinan Ekstrem di Kabupaten/Kota se-Provinsi Jawa Timur. https://t.co/XCYvnP845C";0;0;0;0;in;860138767708860416;1630840138099208194;Kodim0815Mjk;https://twitter.com/Kodim0815Mjk/status/1630840138099208194
Wed Mar 01 07:57:39 +0000 2023;1630839704093425664;"Hari ini Bappelitbangda mengundang beberapa kepala OPD untuk mengikuti Roadshow daring bersama Menko PMK terkait percepatan penurunan stunting dan penghapusan kemiskinan ekstrem di Kabupaten/Kota Provinsi Jawa Timur. https://t.co/6KiPF1dAnT";0;0;0;0;in;1372801797522264067;1630839704093425664;bpp4dbatu;https://twitter.com/bpp4dbatu/status/1630839704093425664
Tue Feb 28 00:08:14 +0000 2023;1630359184998014976;"Angka kemiskinan di Kota Surabaya, Jawa Timur, turun selama dua tahun kepemimpinan Wali Kota dan Wakil Wali Kota setempat, Eri Cahyadi dan Armuji. https://t.co/pQIW4urmQb";0;0;0;0;in;1186946650595418116;1630359184998014976;voidotid;https://twitter.com/voidotid/status/1630359184998014976
Mon Feb 27 02:32:46 +0000 2023;1630033168895205377;""Fauzi bisa menekan angka kemiskinan dan membawa masyarakat Sumenep lebih sejahtera" Direktur ARCI Baihaki Siradj  Dengan keberhasilan itulah membuat Bupati Sumenep Achmad Fauzi @achmadfauzi_wy menjadi Calon Potensial dlm Pilkada Jawa Timur  https://t.co/dpgmUf9KQN https://t.co/VLRNVFvxBg";0;1;14;17;in;91185042;1630033168895205377;siticeriaselalu;https://twitter.com/siticeriaselalu/status/1630033168895205377
Fri Feb 24 02:54:43 +0000 2023;1628951528978669570;"Sebanyak 3 unit rumah tinggal layak huni (RTLH) di Pacitan, Jawa Timur yang diperuntukan bagi masyarakat prasejahtera di kawasan sekitar UP Pacitan. Program ini adalah hasil sinergi bersama PT PLN NP dan Pemerintah Kabupaten Pacitan dalam usaha pengentasan kemiskinan.";0;1;0;1;in;241395221;1628951521793810433;ptpln_np;https://twitter.com/ptpln_np/status/1628951528978669570
Thu Feb 23 15:32:11 +0000 2023;1628779765036617728;"Gubernur Jawa Tengah Ganjar Pranowo ingin mengadaptasi teknologi instalasi pemanen air hujan, yang digagas Keluarga Alumni Universitas Gadjah Mada (UGM) Kalimantan Timur (Kaltim) untuk mengatasi kemiskinan di Jateng.  | Agnes | CS Misterius BCA | Like Crazy | https://t.co/UE1xviLfnf";0;0;0;0;in;789017300523323393;1628779765036617728;RuangGanjar_;https://twitter.com/RuangGanjar_/status/1628779765036617728
Tue Feb 21 21:41:13 +0000 2023;1628147858703790083;"@ch_chotimah2 @ganjarpranowo @aniesbaswedan Data Badan Pusat Statistik (BPS) mencatat DIY provinsi termiskin se-Jawa pada 2022.  Posisi DIY diikuti Jawa Tengah yg angka kemiskinannya 10,98 persen dan Jawa Timur 10,49 persen. Setelahnya ada Jawa Barat dg angka kemiskinan 7,98%  Banten 6,24%  dan DKI Jakarta 4,61 persen.";0;0;0;0;in;1067319098;1628001870945095680;eR_Haryadi;https://twitter.com/eR_Haryadi/status/1628147858703790083
Sat Feb 18 13:35:20 +0000 2023;1626938418537328641;"@BedindeGila @Karsono12732862 @Mayapada0812 @ntar_yaa @pangarekaptogel @Wawan_74 @KasmaranWahyu @yantireinke @kupret93840851 @hoax_bukan @dady_tri @Pahamya_Okesip @AlamTimur3 @UwohMe @AlbiderForU @NembeNetes @LonenyDragon @KatyushaDwinova @tel_lek @wrahardian2 @HeryIdris5 @winoto_ali @Afridu6 @suryasena53 @tabascopepsauce @FurqonJimmy @K7_m0en @moh_aak @Ranggadly @Anwarbohebo @panjianom102 @Jebenk63285910 @IbexIbexbelin @Seti4wone @rizamsyafiq @sayid_machmoed @AhlulQohwah @jkopriyo @Tan_Mar3M @Bumi01Puser @D_Ku87 @B3n1n9_17 @Jawhariaria @dy4h_ko3 @uwa_aji @es_bonbon27 @perbachatan @malakmalakmal @uas @ustadabdulsomad La iya . Sekarang beri data bank dunia. Berapa persen kemiskinan indonesia versi bank dunia..?? Dki,jateng,jawa timur dll..";0;0;0;0;in;1098158074940907520;1477949011449446400;Diek_Clev;https://twitter.com/Diek_Clev/status/1626938418537328641
Tue Feb 14 01:34:00 +0000 2023;1625307337098678272;"Atau spt yg dilakukan pemda di Jawa Timur ini. Pemda Tekan Angka Kemiskinan #DemiGenerasiBerikutnya   dgn cara menyerap tenaga kerja dari keluarga miskin, shg akhirnya mereka mampu membeli berbagai kebutuhan utk hidup sehari-hari https://t.co/Esah8ATXpk";0;1;0;0;in;329749977;1625299062131138560;DewiSulistiawty;https://twitter.com/DewiSulistiawty/status/1625307337098678272
Fri Feb 10 15:58:05 +0000 2023;1624075238437974016;"Menko PMK Soroti Kemiskinan Ekstrim di Ngawi yang Capai 12.000 Jiwa.  Ngawi (https://t.co/ksziGGp1k3) ‚Äì Selain mengecek penanganan stunting di Desa Gempol, Kecamatan Karangjati Ngawi, Jawa Timur pada‚Ä¶ https://t.co/pxyQEwn4wR #PolitikPemerintahan #Kemiskinan via @beritajatimcom";0;0;0;0;in;21287066;1624075238437974016;beritajatimcom;https://twitter.com/beritajatimcom/status/1624075238437974016
Fri Feb 10 14:48:21 +0000 2023;1624057688278663168;"Garap Emak Bersholawat Dinilai Cara Jitu Entas Kemiskinan di Jawa Timur https://t.co/Kj3XiBewwt";0;0;0;0;in;1552493215948779520;1624057688278663168;hasana_ika;https://twitter.com/hasana_ika/status/1624057688278663168
Mon Feb 06 08:16:30 +0000 2023;1622509527756324864;"Terutama masalah kemiskinan, konflik, perang, dan kerusakan lingkungan. Hal ini saya sampaikan saat membuka Muktamar Internasional I Fikih Peradaban, di Hotel Shangri-La, Surabaya, Jawa Timur (Jatim).";0;1;0;9;in;1061147681832132609;1622509522962223106;Kiyai_MarufAmin;https://twitter.com/Kiyai_MarufAmin/status/1622509527756324864
Wed Feb 01 11:04:02 +0000 2023;1620739748703920130;"Bukan Jateng (Jawa Tengah) Saja Pak,  Insya Allah Jawa Barat Jawa Timur..  seterusnya dan seterusnya, Problem kemiskinan yg ekstrim.. Bila, Bapak @ganjarpranowo Jadi Presiden Periode 2024-2029-2034. Akan tertangani.  Aamiin YRAü§≤üôè   https://t.co/jqMsReVQ6X";0;0;9;11;in;1140084771453714432;1620739748703920130;RizkiR4madani;https://twitter.com/RizkiR4madani/status/1620739748703920130
Wed Feb 01 03:25:08 +0000 2023;1620624263886819329;"@aniesbaswedan @PKSejahtera @NasDem @PDemokrat Pesan untuk pak @aniesbaswedan apabila bapak diamanhkan Jadi presiden tahun 2024-2029, Tolong Bantu saudara2 kami dan tuntaskan kemiskinan di Jawa Tengah, Jawa Timur dan Jawa Barat ( kemiskinan tertinggi di Indonesia  data BPS)";0;3;0;1;in;2605399886;1620423815204589570;katongsupriadi;https://twitter.com/katongsupriadi/status/1620624263886819329
Tue Jan 31 13:43:01 +0000 2023;1620417370945892355;"Fraksi Partai Gerindra DPRD Jawa Timur meminta Pemprov Jatim memberi perhatian khusus pada buruh tani, petani, nelayan, dan guru dalam usaha penanggulangan kemiskinan. Hal itu untuk mengurai masalah kemiskinan yang tersentral di pedesaan, pinggir hutan mau pun pinggir pantai.";0;1;0;6;in;397673651;1620417274061664259;Gerindra;https://twitter.com/Gerindra/status/1620417370945892355
Fri Jan 27 16:22:08 +0000 2023;1619007861853663232;"@PartaiPerindo Kami sangat yakin dengan jiwa leadership yang sudah teruji selama mengabdi di kemiliteran Pak Wisnoe akan mengemban tugas yang bagus di Jawa Timur dengan tidak melupakan visi misi Partai perindo yaitu mengentaskan kemiskinan dan mewujudkan kesejahteraan";0;0;0;0;in;769541914412486656;1618996133757603840;hafuan_luthf;https://twitter.com/hafuan_luthf/status/1619007861853663232
Tue Jan 24 01:50:05 +0000 2023;1617701239034372096;"DIY menjadi provinsi yang paling kere atau paling miskin di kawasan Pulau Jawa,menurut data BPS RI tahun 2022.angka kemiskinan warga DIY naik hingga 11% pada September 2022,DIY menggeser posisi Jawa timur,dalam jumlah angka kemiskinan warganya,UMR DIY masih di bawah satu juta.";0;1;1;1;in;980097559736721408;1617701239034372096;AlbertSolo2;https://twitter.com/AlbertSolo2/status/1617701239034372096
Tue Jan 24 01:24:39 +0000 2023;1617694837955854336;"kemiskinan tertinggi per September 2022 adalah:   1. Papua 26,80% 2. Papua Barat 21,43% 3. NTT 20,23% 4. Maluku 16,23% 5. Gorontalo 15,51%  Jika melihat dari jumlah penduduk. Provinsi dengan penduduk miskin terbanyak se Nusantara ternyata Jawa Timur dengan 4,236 juta. https://t.co/QiIkV11yyw";0;1;3;14;in;1478190519213694976;1617694811817119744;SalimCipok;https://twitter.com/SalimCipok/status/1617694837955854336
Sun Jan 22 13:06:51 +0000 2023;1617146776112467968;"Anggota DPRD Jatim Meminta Gubernur Tidak Takut Mengakui Kenaikan Angka Kemiskinan di Jawa Timur | LingkarJatim - https://t.co/rR8AbSCGCe https://t.co/i2TEDcy02O";0;0;0;0;in;861408439934767104;1617146776112467968;lingkarjatimcom;https://twitter.com/lingkarjatimcom/status/1617146776112467968
Sat Jan 21 09:13:25 +0000 2023;1616725644020441088;"@democrazymedia Jawa Timur propinsi termiskin kedua, jd orang2 itu bertekad mempertahankan kemiskinan di Jawa Timur. Alangkah indahnya dunia ini.";0;0;0;3;in;1593932420608233472;1616712326043893761;HdNchannel;https://twitter.com/HdNchannel/status/1616725644020441088
Fri Jan 20 09:07:05 +0000 2023;1616361662969425925;"#InfoSosial Hari ini Mensos Risma bersama Menkeu @KemenkeuRI Sri Mulyani meninjau progres dan hasil Program Penanganan Kemiskinan Terpadu Kemensos di Kecamatan Pujon, Kabupaten Malang, Jawa Timur, Jumat (20/01).  Apa yang kedua menteri tekankan? ‚è¨ https://t.co/C3xUhYUv1t";2;3;1;19;in;2889531644;1616361662969425925;KemensosRI;https://twitter.com/KemensosRI/status/1616361662969425925
Fri Jan 20 08:35:51 +0000 2023;1616353803208650753;"BPS mencatat, tingkat kemiskinan di Indonesia mencapai 9,57 persen.  1. DIY: 11,49 persen 2. Jawa Tengah: 10,98 persen 3. Jawa Timur: 10,49 persen 4. Jawa Barat: 7,98 persen 5. Banten: 6,24 persen 6. DKI Jakarta: 4,61 persen  Source: kompas  Yuk yuk pada semangat kerjanya guys! https://t.co/jUfdb2RgGx";0;1;0;1;in;1609795246816362497;1616353803208650753;YWD_ID;https://twitter.com/YWD_ID/status/1616353803208650753
Fri Jan 20 00:00:20 +0000 2023;1616224069971742720;"[LIVE] Program Penanganan Kemiskinan Terpadu  üóìÔ∏è : Jumat, 20 Januari 2023 üïï : 08.00 WIB  Disiarkan langsung dari Kantor Kecamatan Pujon, Kabupaten Malang, Jawa Timur melalui Youtube @KemensosRI ‚è¨Ô∏è  https://t.co/NqeHEjHYS8 https://t.co/ilp3GTekAy";0;1;3;12;in;2889531644;1616224069971742720;KemensosRI;https://twitter.com/KemensosRI/status/1616224069971742720
Thu Jan 19 07:10:16 +0000 2023;1615969875243192320;"Informasi @bps_statistics , terkait angka kemiskinan di 3 Provinsi di Pulau Jawa periode 2018 - 2022 ‚úÖ  Provinsi Jawa Timur "TURUN' 0,36 % (56.000) orang ‚úÖ Provinsi Jawa Tengah "TURUN" 0,21 % ( 10.000) orang ‚úÖ Provinsi Jawa Barat "NAIK" 0,74 % ( 510.000) orang https://t.co/zM5glxHkpI";0;0;3;3;in;462605043;1615969875243192320;AzzamAlifAditya;https://twitter.com/AzzamAlifAditya/status/1615969875243192320
Thu Jan 19 06:27:24 +0000 2023;1615959090072813568;"@Gus_Raharjo @Pangestiwerda @ridwankamil Semoga angka kemiskinan segera diatasi pemerintah, khususnya untuk daerah jawa barat,sy yakin akan segera menyusul jawa timur dan jawa tengah.";0;0;0;0;in;1228522727058788352;1615692699352563718;Reonyree;https://twitter.com/Reonyree/status/1615959090072813568
Thu Jan 19 06:20:48 +0000 2023;1615957429661085697;"Nah ini nih.. Gampang bacanya..  Yg jadi perbandingan cukup Jawa Timur - Jawa Tengah &amp  Jawa Barat.. Selama periode 2018-2022  Netijen Budiman.. Makasih ya udah bantu jawab kmrn.. üòÅ Kesimpulan Jeni berdasar data BPS di bwh ini, kemiskinan Jabar naik.. (duh jd kebayang duit 1T)ü§≠ https://t.co/iSZScH1Zxr";1;5;16;45;in;2669430458;1615957429661085697;Jelli_cent;https://twitter.com/Jelli_cent/status/1615957429661085697
